﻿<?xml version='1.0' encoding='UTF-8'?>
<!-- Generated by LavishSettings v2 -->
<InnerSpaceSettings>
	<Set Name="Profiles">
		<Setting Name="DefaultProfiles">Ros_bl</Setting>
		<Set Name="Ros_bl">
			<Set Name="Settings">
				<Setting Name="checkbox_settings_buffs">TRUE</Setting>
				<Setting Name="checkbox_settings_combatarts">TRUE</Setting>
				<Setting Name="checkbox_settings_namedcombatarts">TRUE</Setting>
				<Setting Name="checkbox_settings_rangedattack">FALSE</Setting>
				<Setting Name="checkbox_settings_autoattacktiming">TRUE</Setting>
				<Setting Name="checkbox_settings_meleeattack">TRUE</Setting>
				<Setting Name="checkbox_settings_ignoretargettoattackhealthcheck">TRUE</Setting>
				<Setting Name="checkbox_settings_loot">FALSE</Setting>
				<Setting Name="checkbox_settings_acceptloot">TRUE</Setting>
				<Setting Name="checkbox_settings_acceptres">TRUE</Setting>
				<Setting Name="checkbox_settings_prioritytab">TRUE</Setting>
				<Setting Name="checkbox_settings_acceptinvites">TRUE</Setting>
				<Setting Name="checkbox_settings_enablealiases">TRUE</Setting>
				<Setting Name="checkbox_settings_enableogremcp">FALSE</Setting>
				<Setting Name="checkbox_settings_enableonscreenassistant">FALSE</Setting>
				<Setting Name="checkbox_settings_enableannouncetab">TRUE</Setting>
				<Setting Name="checkbox_settings_raidoptions">TRUE</Setting>
				<Setting Name="checkbox_settings_grindoptions">TRUE</Setting>
				<Setting Name="checkbox_settings_encountersmartnukes">TRUE</Setting>
				<Setting Name="checkbox_settings_aesmartnukes">TRUE</Setting>
				<Setting Name="checkbox_settings_autotargetwhenhated">TRUE</Setting>
				<Setting Name="checkbox_settings_res">FALSE</Setting>
				<Setting Name="checkbox_settings_dopowerheals">FALSE</Setting>
				<Setting Name="checkbox_settings_assist">TRUE</Setting>
				<Setting Name="checkbox_settings_autofollow">TRUE</Setting>
				<Setting Name="checkbox_settings_chaintab">TRUE</Setting>
				<Setting Name="checkbox_settings_movetoarea">TRUE</Setting>
				<Setting Name="checkbox_settings_doho">FALSE</Setting>
				<Setting Name="checkbox_settings_facenpc">TRUE</Setting>
				<Setting Name="checkbox_settings_turnoffattack">FALSE</Setting>
				<Setting Name="checkbox_settings_movemelee">FALSE</Setting>
				<Setting Name="checkbox_settings_movebehind">FALSE</Setting>
				<Setting Name="checkbox_settings_cancelinvisaftercombat">TRUE</Setting>
				<Setting Name="checkbox_settings_acceptdungeonfinderisready">TRUE</Setting>
				<Setting Name="checkbox_settings_raidoptionslimited">FALSE</Setting>
				<Setting Name="checkbox_settings_enablepetsindropdowns">TRUE</Setting>
				<Setting Name="checkbox_settings_forcenamedcatab">FALSE</Setting>
				<Setting Name="checkbox_settings_enableitemsinabilitylists">TRUE</Setting>
				<Setting Name="checkbox_settings_globally_mute_abilityrotation">TRUE</Setting>
				<Setting Name="checkbox_settings_no_overseer">TRUE</Setting>
				<Setting Name="checkbox_settings_auto_use_temporary_familiar_experience">TRUE</Setting>
				<Setting Name="checkbox_settings_auto_use_temporary_research_reduction">TRUE</Setting>
				<Setting Name="checkbox_settings_auto_use_temporary_mount_reduction">TRUE</Setting>
				<Setting Name="checkbox_settings_accept_zonein_confirmation">TRUE</Setting>
				<Setting Name="checkbox_settings_acceptnochoicerewards">TRUE</Setting>
				<Setting Name="checkbox_settings_autoshare_missions">TRUE</Setting>
				<Setting Name="checkbox_settings_summon_familiar">TRUE</Setting>
			</Set>
			<Set Name="Setup">
				<Setting Name="textentry_setup_percenttoattack">99</Setting>
				<Setting Name="textentry_setup_moveintoattackrangehealthpercent">98</Setting>
				<Setting Name="textentry_setup_petpercenttoattack">98</Setting>
				<Setting Name="textentry_setup_powertousecas">5</Setting>
				<Setting Name="textentry_setup_healthtousecas">5</Setting>
				<Setting Name="textentry_setup_percenttousemanastone">10</Setting>
				<Setting Name="textentry_setup_percenttouseshards">10</Setting>
				<Setting Name="textentry_setup_reswaittimer">2</Setting>
				<Setting Name="checkbox_setup_broadcasttellstouplink">TRUE</Setting>
				<Setting Name="checkbox_setup_receivetellsfromuplink">FALSE</Setting>
				<Setting Name="combobox_setup_autofollowname">*FollowMe</Setting>
				<Setting Name="combobox_setup_shardcaster">Disabled</Setting>
				<Setting Name="combobox_setup_heartcaster">Disabled</Setting>
				<Setting Name="textentry_setup_spellrangeextender">0</Setting>
				<Setting Name="textentry_setup_moveintomeleerangemaxdistance">80</Setting>
				<Setting Name="textentry_setup_autofollowmaxdistance">50</Setting>
			</Set>
			<Set Name="Aliases">
				<Set Name="1">
					<Setting Name="__SourceName">*Me</Setting>
					<Setting Name="For">EditMe</Setting>
				</Set>
				<Set Name="2">
					<Setting Name="__SourceName">*Tank</Setting>
					<Setting Name="For">victim</Setting>
				</Set>
				<Set Name="3">
					<Setting Name="__SourceName">*FollowMe</Setting>
					<Setting Name="For">EditMe</Setting>
				</Set>
				<Set Name="4">
					<Setting Name="__SourceName">*MA</Setting>
					<Setting Name="For">EditMe</Setting>
				</Set>
			</Set>
			<Set Name="SetupInvis">
				<Set Name="1">
					<Setting Name="__SourceName">Blindside</Setting>
				</Set>
				<Set Name="2">
					<Setting Name="__SourceName">Spiritshroud</Setting>
				</Set>
			</Set>
			<Set Name="CastStack">
				<Set Name="1">
					<Setting Name="__SourceName">Feral Stance</Setting>
					<Setting Name="Type">Buff</Setting>
				</Set>
				<Set Name="2">
					<Setting Name="__SourceName">Chilling Claws</Setting>
					<Setting Name="Type">Buff</Setting>
				</Set>
				<Set Name="3">
					<Setting Name="__SourceName">Altered Beast</Setting>
					<Setting Name="Type">Buff</Setting>
				</Set>
				<Set Name="4">
					<Setting Name="__SourceName">Master of Beasts</Setting>
					<Setting Name="Type">Buff</Setting>
				</Set>
				<Set Name="5">
					<Setting Name="__SourceName">Dozekar's Resilience</Setting>
					<Setting Name="Type">Buff</Setting>
				</Set>
				<Set Name="6">
					<Setting Name="__SourceName">Loyal Zelniak Companion</Setting>
					<Setting Name="Type">Buff</Setting>
				</Set>
				<Set Name="7">
					<Setting Name="__SourceName">Savage Ruin</Setting>
					<Setting Name="Type">Buff</Setting>
				</Set>
				<Set Name="8">
					<Setting Name="__SourceName">Union of Stone</Setting>
					<Setting Name="Type">Buff</Setting>
				</Set>
				<Set Name="9">
					<Setting Name="__SourceName">Etherlord</Setting>
					<Setting Name="Type">Buff</Setting>
				</Set>
				<Set Name="10">
					<Setting Name="__SourceName">Summon Warder: Canine</Setting>
					<Setting Name="Type">Buff</Setting>
				</Set>
				<Set Name="11">
					<Setting Name="__SourceName">Shrink Warder</Setting>
					<Setting Name="Type">Buff</Setting>
				</Set>
				<Set Name="12">
					<Setting Name="__SourceName">Geotic Rampage</Setting>
					<Setting Name="Type">NamedCA</Setting>
				</Set>
				<Set Name="13">
					<Setting Name="__SourceName">Savage Allies</Setting>
					<Setting Name="Type">NamedCA</Setting>
				</Set>
				<Set Name="14">
					<Setting Name="__SourceName">Cheap Shot</Setting>
					<Setting Name="Type">CA</Setting>
				</Set>
				<Set Name="15">
					<Setting Name="__SourceName">Rush</Setting>
					<Setting Name="Type">CA</Setting>
				</Set>
				<Set Name="16">
					<Setting Name="__SourceName">Erosion</Setting>
					<Setting Name="Type">NamedCA</Setting>
				</Set>
				<Set Name="17">
					<Setting Name="__SourceName">Shred</Setting>
					<Setting Name="Type">NamedCA</Setting>
				</Set>
				<Set Name="18">
					<Setting Name="__SourceName">Cheap Shot</Setting>
					<Setting Name="Type">CA</Setting>
				</Set>
				<Set Name="19">
					<Setting Name="__SourceName">Telluric Rending</Setting>
					<Setting Name="Type">NamedCA</Setting>
				</Set>
				<Set Name="20">
					<Setting Name="__SourceName">Terrene Destruction</Setting>
					<Setting Name="Type">NamedCA</Setting>
				</Set>
				<Set Name="21">
					<Setting Name="__SourceName">Obsidian Mind</Setting>
					<Setting Name="Target">@Me</Setting>
					<Setting Name="Type">Combat</Setting>
				</Set>
				<Set Name="22">
					<Setting Name="#">1</Setting>
					<Setting Name="__SourceName">Ralissk's Perception</Setting>
					<Setting Name="Sav">2</Setting>
					<Setting Name="Type">NamedCA</Setting>
				</Set>
				<Set Name="23">
					<Setting Name="__Disabled">TRUE</Setting>
					<Setting Name="__SourceName">Primal Assault</Setting>
					<Setting Name="Sav">6</Setting>
					<Setting Name="Type">NamedCA</Setting>
				</Set>
				<Set Name="24">
					<Setting Name="__Disabled">TRUE</Setting>
					<Setting Name="__SourceName">Savagery Freeze</Setting>
					<Setting Name="Sav">6</Setting>
					<Setting Name="Type">NamedCA</Setting>
				</Set>
				<Set Name="25">
					<Setting Name="__SourceName">Earthen Phalanx</Setting>
					<Setting Name="Type">NamedCA</Setting>
				</Set>
				<Set Name="26">
					<Setting Name="__SourceName">Feedback Loop</Setting>
					<Setting Name="Type">NamedCA</Setting>
				</Set>
				<Set Name="27">
					<Setting Name="__Disabled">TRUE</Setting>
					<Setting Name="__SourceName">Brutal Beatdown</Setting>
					<Setting Name="Sav">6</Setting>
					<Setting Name="Type">NamedCA</Setting>
				</Set>
				<Set Name="28">
					<Setting Name="#">1</Setting>
					<Setting Name="__Disabled">TRUE</Setting>
					<Setting Name="__SourceName">Draconic Breath</Setting>
					<Setting Name="Sav">4</Setting>
					<Setting Name="Type">NamedCA</Setting>
				</Set>
				<Set Name="29">
					<Setting Name="__Disabled">TRUE</Setting>
					<Setting Name="__SourceName">Savage Ravaging</Setting>
					<Setting Name="Sav">6</Setting>
					<Setting Name="Type">NamedCA</Setting>
				</Set>
				<Set Name="30">
					<Setting Name="__Disabled">TRUE</Setting>
					<Setting Name="__SourceName">Silent Talon</Setting>
					<Setting Name="Sav">6</Setting>
					<Setting Name="Type">NamedCA</Setting>
				</Set>
				<Set Name="31">
					<Setting Name="__SourceName">Truespirit Venom</Setting>
					<Setting Name="Sav">2</Setting>
					<Setting Name="Type">NamedCA</Setting>
				</Set>
				<Set Name="32">
					<Setting Name="__Disabled">TRUE</Setting>
					<Setting Name="__SourceName">Savage Ravaging</Setting>
					<Setting Name="Sav">6</Setting>
					<Setting Name="Type">NamedCA</Setting>
				</Set>
				<Set Name="33">
					<Setting Name="__SourceName">Blindside</Setting>
					<Setting Name="Type">NamedCA</Setting>
				</Set>
				<Set Name="34">
					<Setting Name="__Disabled">TRUE</Setting>
					<Setting Name="__SourceName">Shadow Leap</Setting>
					<Setting Name="Sav">6</Setting>
					<Setting Name="Type">NamedCA</Setting>
				</Set>
				<Set Name="35">
					<Setting Name="__SourceName">Claw of Khati Sha</Setting>
					<Setting Name="Sav">6</Setting>
					<Setting Name="Type">NamedCA</Setting>
				</Set>
				<Set Name="36">
					<Setting Name="__Disabled">TRUE</Setting>
					<Setting Name="__SourceName">Noxious Grasp</Setting>
					<Setting Name="Sav">6</Setting>
					<Setting Name="Type">NamedCA</Setting>
				</Set>
				<Set Name="37">
					<Setting Name="__SourceName">Cheap Shot</Setting>
					<Setting Name="Type">CA</Setting>
				</Set>
				<Set Name="38">
					<Setting Name="__SourceName">Claw of Khati Sha</Setting>
					<Setting Name="Sav">6</Setting>
					<Setting Name="Type">NamedCA</Setting>
				</Set>
				<Set Name="39">
					<Setting Name="__SourceName">Spinechiller Blood</Setting>
					<Setting Name="Type">CA</Setting>
				</Set>
				<Set Name="40">
					<Setting Name="__SourceName">Bastion of Iron</Setting>
					<Setting Name="Type">NamedCA</Setting>
				</Set>
				<Set Name="41">
					<Setting Name="__Disabled">TRUE</Setting>
					<Setting Name="__SourceName">Unchained Ferocity</Setting>
					<Setting Name="Target">@Me</Setting>
					<Setting Name="Type">Combat</Setting>
				</Set>
				<Set Name="42">
					<Setting Name="__SourceName">Primal Consumption</Setting>
					<Setting Name="Type">CA</Setting>
				</Set>
				<Set Name="43">
					<Setting Name="__SourceName">Rush</Setting>
					<Setting Name="Type">CA</Setting>
				</Set>
				<Set Name="44">
					<Setting Name="__SourceName">Evade</Setting>
					<Setting Name="Type">NamedDebuff</Setting>
				</Set>
				<Set Name="45">
					<Setting Name="__SourceName">Feral Rending</Setting>
					<Setting Name="Type">CA</Setting>
				</Set>
				<Set Name="46">
					<Setting Name="#">1</Setting>
					<Setting Name="__SourceName">Dagger Storm</Setting>
					<Setting Name="Type">CA</Setting>
				</Set>
				<Set Name="47">
					<Setting Name="#">1</Setting>
					<Setting Name="__SourceName">Feral Destruction</Setting>
					<Setting Name="Type">CA</Setting>
				</Set>
				<Set Name="48">
					<Setting Name="#">1</Setting>
					<Setting Name="__Disabled">TRUE</Setting>
					<Setting Name="__SourceName">Implosion</Setting>
					<Setting Name="Type">NamedCA</Setting>
				</Set>
				<Set Name="49">
					<Setting Name="#">1</Setting>
					<Setting Name="__SourceName">Etherflash</Setting>
					<Setting Name="Type">CA</Setting>
				</Set>
				<Set Name="50">
					<Setting Name="__Disabled">TRUE</Setting>
					<Setting Name="__SourceName">Mana Schism</Setting>
					<Setting Name="Type">NamedCA</Setting>
				</Set>
				<Set Name="51">
					<Setting Name="__Disabled">TRUE</Setting>
					<Setting Name="__SourceName">Cascading Force</Setting>
					<Setting Name="Sav">6</Setting>
					<Setting Name="Type">NamedCA</Setting>
				</Set>
				<Set Name="52">
					<Setting Name="#">1</Setting>
					<Setting Name="__Disabled">TRUE</Setting>
					<Setting Name="__SourceName">Savage Howl</Setting>
					<Setting Name="Type">CA</Setting>
				</Set>
				<Set Name="53">
					<Setting Name="#">1</Setting>
					<Setting Name="__SourceName">U'lla's Spinning Bite</Setting>
					<Setting Name="Type">CA</Setting>
				</Set>
				<Set Name="54">
					<Setting Name="__SourceName">Feral Rending</Setting>
					<Setting Name="Type">CA</Setting>
				</Set>
				<Set Name="55">
					<Setting Name="__SourceName">Savage Rake</Setting>
					<Setting Name="Type">CA</Setting>
				</Set>
				<Set Name="56">
					<Setting Name="__SourceName">Cheap Shot</Setting>
					<Setting Name="Type">CA</Setting>
				</Set>
				<Set Name="57">
					<Setting Name="__SourceName">Kaldrahir's Growl</Setting>
					<Setting Name="Type">CA</Setting>
				</Set>
				<Set Name="58">
					<Setting Name="__Disabled">TRUE</Setting>
					<Setting Name="__SourceName">Compounding Force</Setting>
					<Setting Name="Type">NamedCA</Setting>
				</Set>
				<Set Name="59">
					<Setting Name="__SourceName">Feral Rending</Setting>
					<Setting Name="Type">CA</Setting>
				</Set>
				<Set Name="60">
					<Setting Name="__SourceName">Quick Swipe</Setting>
					<Setting Name="Type">CA</Setting>
				</Set>
				<Set Name="61">
					<Setting Name="#">1</Setting>
					<Setting Name="__SourceName">Dagger Storm</Setting>
					<Setting Name="Type">CA</Setting>
				</Set>
				<Set Name="62">
					<Setting Name="#">1</Setting>
					<Setting Name="__SourceName">U'lla's Spinning Bite</Setting>
					<Setting Name="Type">CA</Setting>
				</Set>
				<Set Name="63">
					<Setting Name="__SourceName">Feral Rending</Setting>
					<Setting Name="Type">CA</Setting>
				</Set>
				<Set Name="64">
					<Setting Name="__SourceName">Cheap Shot</Setting>
					<Setting Name="Type">CA</Setting>
				</Set>
				<Set Name="65">
					<Setting Name="__Disabled">TRUE</Setting>
					<Setting Name="__SourceName">Levinbolt</Setting>
					<Setting Name="Type">NamedCA</Setting>
				</Set>
				<Set Name="66">
					<Setting Name="__Disabled">TRUE</Setting>
					<Setting Name="__SourceName">Focused Blast</Setting>
					<Setting Name="Type">NamedCA</Setting>
				</Set>
				<Set Name="67">
					<Setting Name="__Disabled">TRUE</Setting>
					<Setting Name="__SourceName">Levinbolt</Setting>
					<Setting Name="Type">NamedCA</Setting>
				</Set>
				<Set Name="68">
					<Setting Name="#">1</Setting>
					<Setting Name="__SourceName">Dagger Storm</Setting>
					<Setting Name="Type">CA</Setting>
				</Set>
			</Set>
			<Set Name="Assist">
				<Set Name="1">
					<Setting Name="__SourceName">*Tank</Setting>
				</Set>
				<Set Name="2">
					<Setting Name="__SourceName">*MA</Setting>
				</Set>
				<Set Name="3">
					<Setting Name="__SourceName">Heresi</Setting>
				</Set>
			</Set>
			<Set Name="Precast">
				<Set Name="1">
					<Setting Name="__SourceName">Spiritshroud</Setting>
					<Setting Name="On">Shadow Leap</Setting>
				</Set>
				<Set Name="2">
					<Setting Name="__SourceName">Blindside</Setting>
					<Setting Name="On">Silent Talon</Setting>
				</Set>
			</Set>
			<Set Name="Postcast">
				<Set Name="1">
					<Setting Name="__SourceName">Noxious Grasp</Setting>
					<Setting Name="After">Shadow Leap</Setting>
				</Set>
			</Set>
			<Set Name="Loot">
				<Setting Name="checkbox_loot_ffaaccept">TRUE</Setting>
				<Setting Name="checkbox_loot_lottoaccept">TRUE</Setting>
				<Setting Name="checkbox_loot_confirmnotrade">TRUE</Setting>
				<Setting Name="checkbox_loot_nbgaccept">TRUE</Setting>
			</Set>
			<Set Name="OSA">
				<Setting Name="slider_osa_radius">53</Setting>
				<Setting Name="textentry_osa_radius">53</Setting>
				<Setting Name="checkbox_osa_targetsonly">TRUE</Setting>
			</Set>
			<Set Name="Announce">
				<Set Name="1">
					<Setting Name="__SourceName">Slice of Despair</Setting>
					<Setting Name="Target">Raid</Setting>
					<Setting Name="Txt">Casting Slice of Despair</Setting>
				</Set>
			</Set>
			<Set Name="Other">
				<Setting Name="combobox_other_curabledisable">NULL</Setting>
				<Setting Name="checkbox_other_curabledisable">FALSE</Setting>
			</Set>
			<Set Name="Debug">
				<Setting Name="checkbox_debug_casting">FALSE</Setting>
				<Setting Name="checkbox_debug_whatisthebotdoing">FALSE</Setting>
				<Setting Name="checkbox_debug_castingdetails">FALSE</Setting>
				<Setting Name="checkbox_debug_castingextras">FALSE</Setting>
			</Set>
			<Set Name="AutoTarget">
				<Setting Name="slider_autotarget_scanheight">5</Setting>
				<Setting Name="slider_autotarget_scanradius">1</Setting>
				<Setting Name="slider_autotarget_rescantime">1</Setting>
			</Set>
			<Set Name="LoadExecute">
				<Set Name="1">
					<Setting Name="__SourceName">run bl5</Setting>
				</Set>
			</Set>
			<Set Name="OgreConsole">
				<Setting Name="checkbox_ogreconsole_neverautoopen">TRUE</Setting>
				<Setting Name="checkbox_ogreconsole_hideonload">TRUE</Setting>
			</Set>
			<Set Name="ChatEvents">
				<Set Name="1">
					<Setting Name="__SourceName">Synergy</Setting>
					<Setting Name="Code">OgreBotAPI:CastAbility[Ambienn,Balanced Synergy]</Setting>
				</Set>
			</Set>
			<Set Name="AscensionEmbargoList">
				<Set Name="1">
					<Setting Name="__SourceName">Ethershadow Assassin</Setting>
				</Set>
			</Set>
			<Set Name="Items">
				<Set Name="1">
					<Setting Name="__SourceName">Bottled Endless Courage</Setting>
				</Set>
			</Set>
			<Set Name="AbilityResearch">
				<Set Name="1">
					<Setting Name="__SourceName">Savage Beating</Setting>
					<Setting Name="Ancient">TRUE</Setting>
				</Set>
			</Set>
		</Set>
	</Set>
</InnerSpaceSettings>
