﻿<?xml version='1.0' encoding='UTF-8'?>
<!-- Generated by LavishSettings v2 -->
<InnerSpaceSettings>
	<Set Name="Profiles">
		<Setting Name="DefaultProfiles">ros_brigand</Setting>
		<Set Name="early_bol_swash">
			<Set Name="Settings">
				<Setting Name="checkbox_settings_buffs">TRUE</Setting>
				<Setting Name="checkbox_settings_combatarts">TRUE</Setting>
				<Setting Name="checkbox_settings_namedcombatarts">TRUE</Setting>
				<Setting Name="checkbox_settings_rangedattack">FALSE</Setting>
				<Setting Name="checkbox_settings_autoattacktiming">TRUE</Setting>
				<Setting Name="checkbox_settings_meleeattack">TRUE</Setting>
				<Setting Name="checkbox_settings_turnoffattack">FALSE</Setting>
				<Setting Name="checkbox_settings_res">FALSE</Setting>
				<Setting Name="checkbox_settings_acceptres">FALSE</Setting>
				<Setting Name="checkbox_settings_prioritytab">TRUE</Setting>
				<Setting Name="checkbox_settings_doho">FALSE</Setting>
				<Setting Name="checkbox_settings_acceptinvites">TRUE</Setting>
				<Setting Name="checkbox_settings_movetoarea">TRUE</Setting>
				<Setting Name="checkbox_settings_acceptloot">TRUE</Setting>
				<Setting Name="checkbox_settings_dopowerheals">TRUE</Setting>
				<Setting Name="checkbox_settings_autofollow">TRUE</Setting>
				<Setting Name="checkbox_settings_enableonscreenassistant">FALSE</Setting>
				<Setting Name="checkbox_settings_enablealiases">TRUE</Setting>
				<Setting Name="checkbox_settings_encountersmartnukes">TRUE</Setting>
				<Setting Name="checkbox_settings_aesmartnukes">TRUE</Setting>
				<Setting Name="checkbox_settings_movebehind">FALSE</Setting>
				<Setting Name="checkbox_settings_loot">FALSE</Setting>
				<Setting Name="checkbox_settings_assist">TRUE</Setting>
				<Setting Name="checkbox_settings_autotargetwhenhated">TRUE</Setting>
				<Setting Name="checkbox_settings_raidoptions">TRUE</Setting>
				<Setting Name="checkbox_settings_grindoptions">TRUE</Setting>
				<Setting Name="checkbox_settings_enableannouncetab">TRUE</Setting>
				<Setting Name="checkbox_settings_movemelee">FALSE</Setting>
				<Setting Name="checkbox_settings_ignoretargettoattackhealthcheck">TRUE</Setting>
				<Setting Name="checkbox_settings_enablepetsindropdowns">FALSE</Setting>
				<Setting Name="checkbox_settings_chaintab">TRUE</Setting>
				<Setting Name="checkbox_settings_cancelinvisaftercombat">TRUE</Setting>
				<Setting Name="checkbox_settings_enableitemsinabilitylists">TRUE</Setting>
				<Setting Name="checkbox_settings_acceptraidreadychecks">TRUE</Setting>
				<Setting Name="checkbox_settings_acceptdungeonfinderisready">TRUE</Setting>
				<Setting Name="checkbox_settings_facenpc">TRUE</Setting>
				<Setting Name="checkbox_settings_ignoremovetoattackhealthcheck">TRUE</Setting>
				<Setting Name="checkbox_settings_waitforautoattack">FALSE</Setting>
				<Setting Name="checkbox_settings_disablecaststack_buffs">FALSE</Setting>
				<Setting Name="checkbox_settings_autospend_deitypoints">TRUE</Setting>
				<Setting Name="checkbox_settings_forcenamedcatab">FALSE</Setting>
				<Setting Name="checkbox_settings_autocomplete_ascensioncombos">TRUE</Setting>
				<Setting Name="checkbox_settings_handle_hq_earring">FALSE</Setting>
				<Setting Name="checkbox_settings_summon_familiar">TRUE</Setting>
				<Setting Name="checkbox_settings_autospend_skipstamina">TRUE</Setting>
				<Setting Name="checkbox_settings_autospend_skippotency">TRUE</Setting>
				<Setting Name="checkbox_settings_globally_mute_abilityrotation">TRUE</Setting>
				<Setting Name="checkbox_settings_no_overseer">FALSE</Setting>
				<Setting Name="checkbox_settings_auto_use_temporary_mount_reduction">TRUE</Setting>
				<Setting Name="checkbox_settings_auto_use_temporary_research_reduction">TRUE</Setting>
				<Setting Name="checkbox_settings_auto_use_temporary_familiar_experience">TRUE</Setting>
				<Setting Name="checkbox_settings_acceptnochoicerewards">TRUE</Setting>
				<Setting Name="checkbox_settings_accept_zonein_confirmation">TRUE</Setting>
			</Set>
			<Set Name="Setup">
				<Setting Name="textentry_setup_percenttoattack">99</Setting>
				<Setting Name="textentry_setup_moveintoattackrangehealthpercent">99</Setting>
				<Setting Name="textentry_setup_petpercenttoattack">99</Setting>
				<Setting Name="textentry_setup_powertousecas">1</Setting>
				<Setting Name="textentry_setup_healthtousecas">5</Setting>
				<Setting Name="textentry_setup_percenttousemanastone">75</Setting>
				<Setting Name="textentry_setup_percenttouseshards">50</Setting>
				<Setting Name="textentry_setup_reswaittimer">5</Setting>
				<Setting Name="textentry_setup_spellrangeextender">0</Setting>
				<Setting Name="textentry_setup_moveintomeleerangemaxdistance">100</Setting>
				<Setting Name="textentry_setup_autofollowmaxdistance">50</Setting>
				<Setting Name="checkbox_setup_broadcasttellstouplink">TRUE</Setting>
				<Setting Name="combobox_setup_shardcaster">NULL</Setting>
				<Setting Name="combobox_setup_heartcaster">NULL</Setting>
				<Setting Name="combobox_setup_autofollowname">*Tank</Setting>
				<Setting Name="textentry_setup_pbaetargets">3</Setting>
				<Setting Name="textentry_setup_encountertargets">3</Setting>
			</Set>
			<Set Name="Aliases">
				<Set Name="1">
					<Setting Name="__SourceName">*Tank</Setting>
					<Setting Name="For">heresi</Setting>
				</Set>
				<Set Name="2">
					<Setting Name="__SourceName">*Priest</Setting>
					<Setting Name="For">EditMe</Setting>
				</Set>
				<Set Name="3">
					<Setting Name="__SourceName">*Priest</Setting>
					<Setting Name="For">EditMe</Setting>
				</Set>
				<Set Name="4">
					<Setting Name="__SourceName">*DPS</Setting>
					<Setting Name="For">EditMe</Setting>
				</Set>
				<Set Name="5">
					<Setting Name="__SourceName">*DPS</Setting>
					<Setting Name="For">EditMe</Setting>
				</Set>
			</Set>
			<Set Name="SetupInvis">
				<Set Name="1">
					<Setting Name="__SourceName">Boot Dagger</Setting>
				</Set>
				<Set Name="2">
					<Setting Name="__SourceName">Shadow Slip</Setting>
				</Set>
			</Set>
			<Set Name="CastStack">
				<Set Name="1">
					<Setting Name="__SourceName">Loyal Zelniak Companion</Setting>
					<Setting Name="Type">Buff</Setting>
				</Set>
				<Set Name="2">
					<Setting Name="__SourceName">Etherlord</Setting>
					<Setting Name="Type">Buff</Setting>
				</Set>
				<Set Name="3">
					<Setting Name="__SourceName">Daring Advance</Setting>
					<Setting Name="Type">NonCombatBuff</Setting>
				</Set>
				<Set Name="4">
					<Setting Name="__SourceName">Ruthless Finesse</Setting>
					<Setting Name="Type">Buff</Setting>
				</Set>
				<Set Name="5">
					<Setting Name="__SourceName">Dozekar's Resilience</Setting>
					<Setting Name="Type">Buff</Setting>
				</Set>
				<Set Name="6">
					<Setting Name="__SourceName">Hurricane</Setting>
					<Setting Name="Type">Buff</Setting>
				</Set>
				<Set Name="7">
					<Setting Name="__SourceName">Bladeweaver</Setting>
					<Setting Name="Type">Buff</Setting>
				</Set>
				<Set Name="8">
					<Setting Name="__SourceName">Lunge Reversal</Setting>
					<Setting Name="Type">Buff</Setting>
				</Set>
				<Set Name="9">
					<Setting Name="__SourceName">Pathfinding</Setting>
					<Setting Name="Type">NonCombatBuff</Setting>
				</Set>
				<Set Name="10">
					<Setting Name="__SourceName">Swarthy Ways</Setting>
					<Setting Name="Type">Buff</Setting>
				</Set>
				<Set Name="11">
					<Setting Name="__SourceName">Guild Buff</Setting>
					<Setting Name="Type">NonCombatBuff</Setting>
				</Set>
				<Set Name="12">
					<Setting Name="__SourceName">Avoid Blame</Setting>
					<Setting Name="Type">Buff</Setting>
				</Set>
				<Set Name="13">
					<Setting Name="__SourceName">Swarthy Deception</Setting>
					<Setting Name="Target">*Tank</Setting>
					<Setting Name="Type">Buff</Setting>
				</Set>
				<Set Name="14">
					<Setting Name="__SourceName">Recapture</Setting>
					<Setting Name="Target">*DPS</Setting>
					<Setting Name="Type">NonCombatBuff</Setting>
				</Set>
				<Set Name="15">
					<Setting Name="#">1</Setting>
					<Setting Name="%">30</Setting>
					<Setting Name="__SourceName">Essence of Magic</Setting>
					<Setting Name="Target">@Me</Setting>
					<Setting Name="Type">PowerHeal</Setting>
				</Set>
				<Set Name="16">
					<Setting Name="__SourceName">Balanced Synergy</Setting>
					<Setting Name="Type">Custom</Setting>
				</Set>
				<Set Name="17">
					<Setting Name="__SourceName">Ruthless Cunning</Setting>
					<Setting Name="Tag">group buff</Setting>
					<Setting Name="Target">@Me</Setting>
					<Setting Name="Type">Combat</Setting>
				</Set>
				<Set Name="18">
					<Setting Name="__SourceName">Inspired Daring</Setting>
					<Setting Name="Tag">group buff</Setting>
					<Setting Name="Target">@Me</Setting>
					<Setting Name="Type">Combat</Setting>
				</Set>
				<Set Name="19">
					<Setting Name="__IsItem">TRUE</Setting>
					<Setting Name="__ItemName">Acidic Dragon Essence</Setting>
					<Setting Name="__SourceName">Item:Acidic Dragon Essence</Setting>
					<Setting Name="Type">NamedCA</Setting>
				</Set>
				<Set Name="20">
					<Setting Name="__SourceName">En Garde</Setting>
					<Setting Name="Tag">self buff</Setting>
					<Setting Name="Target">@Me</Setting>
					<Setting Name="Type">Combat</Setting>
				</Set>
				<Set Name="21">
					<Setting Name="__SourceName">Touch of Magic</Setting>
					<Setting Name="Type">NamedCA</Setting>
				</Set>
				<Set Name="22">
					<Setting Name="__SourceName">Disarming Grin</Setting>
					<Setting Name="Type">NamedDebuff</Setting>
				</Set>
				<Set Name="23">
					<Setting Name="__SourceName">Evade</Setting>
					<Setting Name="Type">NamedDebuff</Setting>
				</Set>
				<Set Name="24">
					<Setting Name="__SourceName">Marauder's Vaunt</Setting>
					<Setting Name="Tag">grp fervor</Setting>
					<Setting Name="Target">@Me</Setting>
					<Setting Name="Type">Combat</Setting>
				</Set>
				<Set Name="25">
					<Setting Name="__SourceName">Feedback Loop</Setting>
					<Setting Name="Tag">group buff</Setting>
					<Setting Name="Type">NamedCA</Setting>
				</Set>
				<Set Name="26">
					<Setting Name="__SourceName">Sunder</Setting>
					<Setting Name="Type">NamedCA</Setting>
				</Set>
				<Set Name="27">
					<Setting Name="__SourceName">Change of Engagement</Setting>
					<Setting Name="Type">NamedDebuff</Setting>
				</Set>
				<Set Name="28">
					<Setting Name="__SourceName">Shadow</Setting>
					<Setting Name="Type">CA</Setting>
				</Set>
				<Set Name="29">
					<Setting Name="#">1</Setting>
					<Setting Name="__SourceName">Lucky Gambit</Setting>
					<Setting Name="Tag">swordplay chain</Setting>
					<Setting Name="Type">CA</Setting>
				</Set>
				<Set Name="30">
					<Setting Name="#">1</Setting>
					<Setting Name="__SourceName">Dashing Flourish</Setting>
					<Setting Name="Tag">swordplay chain</Setting>
					<Setting Name="Type">CA</Setting>
				</Set>
				<Set Name="31">
					<Setting Name="#">1</Setting>
					<Setting Name="__SourceName">Spinning Flurry</Setting>
					<Setting Name="Tag">swordplay chain</Setting>
					<Setting Name="Type">CA</Setting>
				</Set>
				<Set Name="32">
					<Setting Name="#">1</Setting>
					<Setting Name="__SourceName">Dagger Storm</Setting>
					<Setting Name="Tag">swordplay chain</Setting>
					<Setting Name="Type">CA</Setting>
				</Set>
				<Set Name="33">
					<Setting Name="#">1</Setting>
					<Setting Name="__SourceName">Dashing Swathe</Setting>
					<Setting Name="Tag">swordplay chain</Setting>
					<Setting Name="Type">CA</Setting>
				</Set>
				<Set Name="34">
					<Setting Name="#">1</Setting>
					<Setting Name="__SourceName">Enfeebling Whirl</Setting>
					<Setting Name="Tag">swordplay chain</Setting>
					<Setting Name="Type">CA</Setting>
				</Set>
				<Set Name="35">
					<Setting Name="#">1</Setting>
					<Setting Name="__SourceName">Storm of Steel</Setting>
					<Setting Name="Type">CA</Setting>
				</Set>
				<Set Name="36">
					<Setting Name="#">1</Setting>
					<Setting Name="__SourceName">Lucky Gambit</Setting>
					<Setting Name="Tag">swordplay chain</Setting>
					<Setting Name="Type">CA</Setting>
				</Set>
				<Set Name="37">
					<Setting Name="#">1</Setting>
					<Setting Name="__SourceName">Dashing Flourish</Setting>
					<Setting Name="Tag">swordplay chain</Setting>
					<Setting Name="Type">CA</Setting>
				</Set>
				<Set Name="38">
					<Setting Name="__SourceName">Seafury Thrust</Setting>
					<Setting Name="Type">NamedCA</Setting>
				</Set>
				<Set Name="39">
					<Setting Name="__SourceName">Walk the Plank</Setting>
					<Setting Name="Type">CA</Setting>
				</Set>
				<Set Name="40">
					<Setting Name="__SourceName">Privateers Flourish</Setting>
					<Setting Name="Tag">replay</Setting>
					<Setting Name="Type">NamedCA</Setting>
				</Set>
				<Set Name="41">
					<Setting Name="#">1</Setting>
					<Setting Name="__SourceName">Implosion</Setting>
					<Setting Name="Type">NamedCA</Setting>
				</Set>
				<Set Name="42">
					<Setting Name="#">1</Setting>
					<Setting Name="__SourceName">Etherflash</Setting>
					<Setting Name="Tag">random asc</Setting>
					<Setting Name="Type">NamedCA</Setting>
				</Set>
				<Set Name="43">
					<Setting Name="__SourceName">Ethershadow Assassin</Setting>
					<Setting Name="Type">NamedCA</Setting>
				</Set>
				<Set Name="44">
					<Setting Name="__SourceName">Mana Schism</Setting>
					<Setting Name="Tag">group buff</Setting>
					<Setting Name="Type">NamedCA</Setting>
				</Set>
				<Set Name="45">
					<Setting Name="__SourceName">Shadow</Setting>
					<Setting Name="Type">CA</Setting>
				</Set>
				<Set Name="46">
					<Setting Name="#">1</Setting>
					<Setting Name="__SourceName">Lucky Gambit</Setting>
					<Setting Name="Tag">swordplay chain</Setting>
					<Setting Name="Type">CA</Setting>
				</Set>
				<Set Name="47">
					<Setting Name="#">1</Setting>
					<Setting Name="__SourceName">Dashing Flourish</Setting>
					<Setting Name="Tag">swordplay chain</Setting>
					<Setting Name="Type">CA</Setting>
				</Set>
				<Set Name="48">
					<Setting Name="#">1</Setting>
					<Setting Name="__SourceName">Spinning Flurry</Setting>
					<Setting Name="Type">CA</Setting>
				</Set>
				<Set Name="49">
					<Setting Name="#">1</Setting>
					<Setting Name="__SourceName">Dagger Storm</Setting>
					<Setting Name="Type">CA</Setting>
				</Set>
				<Set Name="50">
					<Setting Name="#">1</Setting>
					<Setting Name="__SourceName">Enfeebling Whirl</Setting>
					<Setting Name="Type">CA</Setting>
				</Set>
				<Set Name="51">
					<Setting Name="__SourceName">Cascading Force</Setting>
					<Setting Name="Type">NamedCA</Setting>
				</Set>
				<Set Name="52">
					<Setting Name="__SourceName">Levinbolt</Setting>
					<Setting Name="Type">NamedCA</Setting>
				</Set>
				<Set Name="53">
					<Setting Name="__SourceName">Focused Blast</Setting>
					<Setting Name="Tag">reset levinbolt</Setting>
					<Setting Name="Type">NamedCA</Setting>
				</Set>
				<Set Name="54">
					<Setting Name="__SourceName">Levinbolt</Setting>
					<Setting Name="Tag">foc blast reset</Setting>
					<Setting Name="Type">NamedCA</Setting>
				</Set>
				<Set Name="55">
					<Setting Name="__SourceName">Compounding Force</Setting>
					<Setting Name="Type">NamedCA</Setting>
				</Set>
				<Set Name="56">
					<Setting Name="__SourceName">Walk the Plank</Setting>
					<Setting Name="Type">CA</Setting>
				</Set>
				<Set Name="57">
					<Setting Name="__SourceName">Snap of the Wrist</Setting>
					<Setting Name="Type">Debuff</Setting>
				</Set>
				<Set Name="58">
					<Setting Name="__SourceName">Torporous Strike</Setting>
					<Setting Name="Type">NamedDebuff</Setting>
				</Set>
				<Set Name="59">
					<Setting Name="__SourceName">Traumatic Swipe</Setting>
					<Setting Name="Type">NamedDebuff</Setting>
				</Set>
			</Set>
			<Set Name="Assist">
				<Set Name="1">
					<Setting Name="__SourceName">*Heresi</Setting>
				</Set>
			</Set>
			<Set Name="Precast">
				<Set Name="1">
					<Setting Name="__SourceName">Mercy or Anger</Setting>
					<Setting Name="On">Dance of Metal</Setting>
				</Set>
				<Set Name="2">
					<Setting Name="__SourceName">Dragon Claws</Setting>
					<Setting Name="On">Sunder</Setting>
				</Set>
				<Set Name="3">
					<Setting Name="__SourceName">Crimson Swath</Setting>
					<Setting Name="On">Barroom Negotiation</Setting>
				</Set>
			</Set>
			<Set Name="Postcast">
				<Set Name="1">
					<Setting Name="__SourceName">Barroom Negotiation</Setting>
					<Setting Name="After">Crimson Swath</Setting>
				</Set>
			</Set>
			<Set Name="Loot">
				<Setting Name="checkbox_loot_confirmnotrade">TRUE</Setting>
				<Setting Name="checkbox_loot_ffaaccept">TRUE</Setting>
				<Setting Name="checkbox_loot_lottoaccept">TRUE</Setting>
			</Set>
			<Set Name="OSA">
				<Setting Name="slider_osa_radius">45</Setting>
				<Setting Name="textentry_osa_radius">45</Setting>
				<Setting Name="checkbox_osa_targetsonly">TRUE</Setting>
				<Setting Name="checkbox_osa_clipyaxis">TRUE</Setting>
			</Set>
			<Set Name="AutoHunt">
				<Setting Name="checkbox_autohunt_checkaggro">FALSE</Setting>
				<Setting Name="combobox_autohunt_pullspell1">Mining</Setting>
				<Setting Name="checkbox_autohunt_pullspell1">FALSE</Setting>
			</Set>
			<Set Name="Other">
				<Setting Name="checkbox_other_requestconfrontfearviauplink">TRUE</Setting>
				<Setting Name="checkbox_other_requestconfrontfearviagroup">TRUE</Setting>
				<Setting Name="textentry_other_requestconfrontfearviagroup">Need a confront fear</Setting>
			</Set>
			<Set Name="Brigand">
				<Setting Name="checkbox_brigand_epic2">TRUE</Setting>
			</Set>
			<Set Name="Debug">
				<Setting Name="checkbox_debug_casting">FALSE</Setting>
			</Set>
			<Set Name="AutoTarget">
				<Setting Name="slider_autotarget_scanradius">50</Setting>
				<Setting Name="slider_autotarget_rescantime">200</Setting>
				<Setting Name="slider_autotarget_scanheight">5</Setting>
				<Setting Name="checkbox_autotarget_enabled">TRUE</Setting>
			</Set>
			<Set Name="Load">
				<Setting Name="checkbox_load_ogreirc">TRUE</Setting>
				<Setting Name="checkbox_load_radaroff">TRUE</Setting>
			</Set>
			<Set Name="LoadExecute">
				<Set Name="1">
					<Setting Name="__SourceName">eq2execute ics_playercombatautoface 0</Setting>
				</Set>
			</Set>
			<Set Name="EquipmentInfo">
				<Setting Name="combobox_equipmentinfo_charmoption1">Item:Sigil of the War Prince</Setting>
				<Setting Name="combobox_equipmentinfo_charmoption2">Item:The Polliwog Eye</Setting>
			</Set>
			<Set Name="OgreConsole">
				<Setting Name="textentry_ogreconsole_x">483</Setting>
				<Setting Name="textentry_ogreconsole_y">851</Setting>
				<Setting Name="textentry_ogreconsole_width">632</Setting>
				<Setting Name="textentry_ogreconsole_height">177</Setting>
			</Set>
			<Set Name="ChatEvents">
				<Set Name="1">
					<Setting Name="__SourceName">synergy</Setting>
					<Setting Name="Code">Cast Balanced Synergy</Setting>
				</Set>
			</Set>
			<Set Name="AscensionEmbargoList">
				<Set Name="1">
					<Setting Name="__SourceName">Ethershadow Assassin</Setting>
				</Set>
			</Set>
			<Set Name="Items">
				<Set Name="1">
					<Setting Name="__SourceName">Acidic Dragon Essence</Setting>
				</Set>
			</Set>
			<Set Name="AbilityResearch">
				<Set Name="1">
					<Setting Name="__SourceName">Forced Arbitration</Setting>
					<Setting Name="Ancient">TRUE</Setting>
				</Set>
			</Set>
		</Set>
		<Set Name="ros_brigand">
			<Set Name="Settings">
				<Setting Name="checkbox_settings_buffs">TRUE</Setting>
				<Setting Name="checkbox_settings_combatarts">TRUE</Setting>
				<Setting Name="checkbox_settings_namedcombatarts">TRUE</Setting>
				<Setting Name="checkbox_settings_rangedattack">FALSE</Setting>
				<Setting Name="checkbox_settings_autoattacktiming">TRUE</Setting>
				<Setting Name="checkbox_settings_meleeattack">TRUE</Setting>
				<Setting Name="checkbox_settings_turnoffattack">FALSE</Setting>
				<Setting Name="checkbox_settings_res">FALSE</Setting>
				<Setting Name="checkbox_settings_acceptres">TRUE</Setting>
				<Setting Name="checkbox_settings_prioritytab">TRUE</Setting>
				<Setting Name="checkbox_settings_doho">FALSE</Setting>
				<Setting Name="checkbox_settings_acceptinvites">TRUE</Setting>
				<Setting Name="checkbox_settings_movetoarea">TRUE</Setting>
				<Setting Name="checkbox_settings_acceptloot">TRUE</Setting>
				<Setting Name="checkbox_settings_dopowerheals">TRUE</Setting>
				<Setting Name="checkbox_settings_autofollow">TRUE</Setting>
				<Setting Name="checkbox_settings_enableonscreenassistant">FALSE</Setting>
				<Setting Name="checkbox_settings_enablealiases">TRUE</Setting>
				<Setting Name="checkbox_settings_encountersmartnukes">TRUE</Setting>
				<Setting Name="checkbox_settings_aesmartnukes">TRUE</Setting>
				<Setting Name="checkbox_settings_movebehind">FALSE</Setting>
				<Setting Name="checkbox_settings_loot">FALSE</Setting>
				<Setting Name="checkbox_settings_assist">TRUE</Setting>
				<Setting Name="checkbox_settings_autotargetwhenhated">TRUE</Setting>
				<Setting Name="checkbox_settings_raidoptions">TRUE</Setting>
				<Setting Name="checkbox_settings_grindoptions">TRUE</Setting>
				<Setting Name="checkbox_settings_enableannouncetab">TRUE</Setting>
				<Setting Name="checkbox_settings_movemelee">FALSE</Setting>
				<Setting Name="checkbox_settings_ignoretargettoattackhealthcheck">TRUE</Setting>
				<Setting Name="checkbox_settings_enablepetsindropdowns">FALSE</Setting>
				<Setting Name="checkbox_settings_chaintab">TRUE</Setting>
				<Setting Name="checkbox_settings_cancelinvisaftercombat">TRUE</Setting>
				<Setting Name="checkbox_settings_enableitemsinabilitylists">TRUE</Setting>
				<Setting Name="checkbox_settings_acceptraidreadychecks">TRUE</Setting>
				<Setting Name="checkbox_settings_acceptdungeonfinderisready">TRUE</Setting>
				<Setting Name="checkbox_settings_facenpc">TRUE</Setting>
				<Setting Name="checkbox_settings_ignoremovetoattackhealthcheck">TRUE</Setting>
				<Setting Name="checkbox_settings_waitforautoattack">FALSE</Setting>
				<Setting Name="checkbox_settings_disablecaststack_buffs">FALSE</Setting>
				<Setting Name="checkbox_settings_autospend_deitypoints">TRUE</Setting>
				<Setting Name="checkbox_settings_forcenamedcatab">TRUE</Setting>
				<Setting Name="checkbox_settings_autocomplete_ascensioncombos">TRUE</Setting>
				<Setting Name="checkbox_settings_handle_hq_earring">FALSE</Setting>
				<Setting Name="checkbox_settings_summon_familiar">TRUE</Setting>
				<Setting Name="checkbox_settings_autospend_skipstamina">TRUE</Setting>
				<Setting Name="checkbox_settings_autospend_skippotency">TRUE</Setting>
				<Setting Name="checkbox_settings_globally_mute_abilityrotation">TRUE</Setting>
				<Setting Name="checkbox_settings_no_overseer">TRUE</Setting>
				<Setting Name="checkbox_settings_auto_use_temporary_mount_reduction">TRUE</Setting>
				<Setting Name="checkbox_settings_auto_use_temporary_research_reduction">TRUE</Setting>
				<Setting Name="checkbox_settings_auto_use_temporary_familiar_experience">TRUE</Setting>
				<Setting Name="checkbox_settings_acceptnochoicerewards">TRUE</Setting>
				<Setting Name="checkbox_settings_accept_zonein_confirmation">TRUE</Setting>
			</Set>
			<Set Name="Setup">
				<Setting Name="textentry_setup_percenttoattack">99</Setting>
				<Setting Name="textentry_setup_moveintoattackrangehealthpercent">99</Setting>
				<Setting Name="textentry_setup_petpercenttoattack">99</Setting>
				<Setting Name="textentry_setup_powertousecas">1</Setting>
				<Setting Name="textentry_setup_healthtousecas">5</Setting>
				<Setting Name="textentry_setup_percenttousemanastone">75</Setting>
				<Setting Name="textentry_setup_percenttouseshards">50</Setting>
				<Setting Name="textentry_setup_reswaittimer">5</Setting>
				<Setting Name="textentry_setup_spellrangeextender">0</Setting>
				<Setting Name="textentry_setup_moveintomeleerangemaxdistance">100</Setting>
				<Setting Name="textentry_setup_autofollowmaxdistance">50</Setting>
				<Setting Name="checkbox_setup_broadcasttellstouplink">TRUE</Setting>
				<Setting Name="combobox_setup_shardcaster">NULL</Setting>
				<Setting Name="combobox_setup_heartcaster">NULL</Setting>
				<Setting Name="combobox_setup_autofollowname">*Tank</Setting>
				<Setting Name="textentry_setup_pbaetargets">3</Setting>
				<Setting Name="textentry_setup_encountertargets">3</Setting>
			</Set>
			<Set Name="Aliases">
				<Set Name="1">
					<Setting Name="__SourceName">*Tank</Setting>
					<Setting Name="For">heresi</Setting>
				</Set>
				<Set Name="2">
					<Setting Name="__SourceName">*Priest</Setting>
					<Setting Name="For">EditMe</Setting>
				</Set>
				<Set Name="3">
					<Setting Name="__SourceName">*Priest</Setting>
					<Setting Name="For">EditMe</Setting>
				</Set>
				<Set Name="4">
					<Setting Name="__SourceName">*DPS</Setting>
					<Setting Name="For">EditMe</Setting>
				</Set>
				<Set Name="5">
					<Setting Name="__SourceName">*DPS</Setting>
					<Setting Name="For">EditMe</Setting>
				</Set>
			</Set>
			<Set Name="SetupInvis">
				<Set Name="1">
					<Setting Name="__SourceName">Boot Dagger</Setting>
				</Set>
				<Set Name="2">
					<Setting Name="__SourceName">Shadow Slip</Setting>
				</Set>
			</Set>
			<Set Name="CastStack">
				<Set Name="1">
					<Setting Name="__SourceName">Loyal Zelniak Companion</Setting>
					<Setting Name="Type">Buff</Setting>
				</Set>
				<Set Name="2">
					<Setting Name="__SourceName">Etherlord</Setting>
					<Setting Name="Type">Buff</Setting>
				</Set>
				<Set Name="3">
					<Setting Name="__SourceName">Amazing Reflexes</Setting>
					<Setting Name="Type">NonCombatBuff</Setting>
				</Set>
				<Set Name="4">
					<Setting Name="__SourceName">Befuddle</Setting>
					<Setting Name="Type">NonCombatBuff</Setting>
				</Set>
				<Set Name="5">
					<Setting Name="__SourceName">Daring Advance</Setting>
					<Setting Name="Type">NonCombatBuff</Setting>
				</Set>
				<Set Name="6">
					<Setting Name="__SourceName">Dozekar's Resilience</Setting>
					<Setting Name="Type">Buff</Setting>
				</Set>
				<Set Name="7">
					<Setting Name="__SourceName">Exacting Venom</Setting>
					<Setting Name="Type">NonCombatBuff</Setting>
				</Set>
				<Set Name="8">
					<Setting Name="__SourceName">Lunge Reversal</Setting>
					<Setting Name="Type">Buff</Setting>
				</Set>
				<Set Name="9">
					<Setting Name="__SourceName">Havoc's Treachery</Setting>
					<Setting Name="Type">NonCombatBuff</Setting>
				</Set>
				<Set Name="10">
					<Setting Name="__SourceName">Pathfinding</Setting>
					<Setting Name="Type">NonCombatBuff</Setting>
				</Set>
				<Set Name="11">
					<Setting Name="__SourceName">Street Smarts</Setting>
					<Setting Name="Type">NonCombatBuff</Setting>
				</Set>
				<Set Name="12">
					<Setting Name="__SourceName">Poisoned Blades</Setting>
					<Setting Name="Type">NonCombatBuff</Setting>
				</Set>
				<Set Name="13">
					<Setting Name="__SourceName">Venom Explosion</Setting>
					<Setting Name="Type">NonCombatBuff</Setting>
				</Set>
				<Set Name="14">
					<Setting Name="__SourceName">Guild Buff</Setting>
					<Setting Name="Type">NonCombatBuff</Setting>
				</Set>
				<Set Name="15">
					<Setting Name="__SourceName">Sanguine Embrace</Setting>
					<Setting Name="Type">Buff</Setting>
				</Set>
				<Set Name="16">
					<Setting Name="__SourceName">Riot</Setting>
					<Setting Name="Type">Buff</Setting>
				</Set>
				<Set Name="17">
					<Setting Name="__SourceName">Mercy or Anger</Setting>
					<Setting Name="Target">@Me</Setting>
					<Setting Name="Type">Combat</Setting>
				</Set>
				<Set Name="18">
					<Setting Name="__SourceName">Cheap Shot</Setting>
					<Setting Name="Type">CA</Setting>
				</Set>
				<Set Name="19">
					<Setting Name="__SourceName">Evade</Setting>
					<Setting Name="Type">CA</Setting>
				</Set>
				<Set Name="20">
					<Setting Name="__SourceName">Shadow</Setting>
					<Setting Name="Type">CA</Setting>
				</Set>
				<Set Name="21">
					<Setting Name="__IsItem">TRUE</Setting>
					<Setting Name="__ItemName">Acidic Dragon Essence</Setting>
					<Setting Name="__SourceName">Item:Acidic Dragon Essence</Setting>
					<Setting Name="Type">NamedCA</Setting>
				</Set>
				<Set Name="22">
					<Setting Name="#">1</Setting>
					<Setting Name="__SourceName">Dagger Storm</Setting>
					<Setting Name="Type">CA</Setting>
				</Set>
				<Set Name="23">
					<Setting Name="__SourceName">Sunder</Setting>
					<Setting Name="Type">CA</Setting>
				</Set>
				<Set Name="24">
					<Setting Name="__SourceName">Feedback Loop</Setting>
					<Setting Name="Type">NamedCA</Setting>
				</Set>
				<Set Name="25">
					<Setting Name="__SourceName">Walk the Plank</Setting>
					<Setting Name="Type">CA</Setting>
				</Set>
				<Set Name="26">
					<Setting Name="__SourceName">Dance of Metal</Setting>
					<Setting Name="Type">CA</Setting>
				</Set>
				<Set Name="27">
					<Setting Name="__SourceName">Double Up</Setting>
					<Setting Name="Type">CA</Setting>
				</Set>
				<Set Name="28">
					<Setting Name="__SourceName">Change of Engagement</Setting>
					<Setting Name="Type">NamedCA</Setting>
				</Set>
				<Set Name="29">
					<Setting Name="__SourceName">Will to Survive</Setting>
					<Setting Name="Type">CA</Setting>
				</Set>
				<Set Name="30">
					<Setting Name="__SourceName">Dispatch</Setting>
					<Setting Name="Type">CA</Setting>
				</Set>
				<Set Name="31">
					<Setting Name="__SourceName">Murderous Rake</Setting>
					<Setting Name="Type">NamedCA</Setting>
				</Set>
				<Set Name="32">
					<Setting Name="#">1</Setting>
					<Setting Name="__SourceName">Cornered</Setting>
					<Setting Name="Type">CA</Setting>
				</Set>
				<Set Name="33">
					<Setting Name="#">1</Setting>
					<Setting Name="__SourceName">Blinding Dust</Setting>
					<Setting Name="Type">CA</Setting>
				</Set>
				<Set Name="34">
					<Setting Name="__SourceName">Gut Rip</Setting>
					<Setting Name="Type">NamedCA</Setting>
				</Set>
				<Set Name="35">
					<Setting Name="#">1</Setting>
					<Setting Name="__SourceName">Crimson Swath</Setting>
					<Setting Name="Type">NamedCA</Setting>
				</Set>
				<Set Name="36">
					<Setting Name="#">1</Setting>
					<Setting Name="__SourceName">Barroom Negotiation</Setting>
					<Setting Name="Type">CA</Setting>
				</Set>
				<Set Name="37">
					<Setting Name="#">1</Setting>
					<Setting Name="__SourceName">Dagger Storm</Setting>
					<Setting Name="Type">CA</Setting>
				</Set>
				<Set Name="38">
					<Setting Name="__SourceName">Band of Thugs</Setting>
					<Setting Name="Type">CA</Setting>
				</Set>
				<Set Name="39">
					<Setting Name="__SourceName">Debilitate</Setting>
					<Setting Name="Type">NamedCA</Setting>
				</Set>
				<Set Name="40">
					<Setting Name="__SourceName">Cascading Force</Setting>
					<Setting Name="Type">NamedCA</Setting>
				</Set>
				<Set Name="41">
					<Setting Name="__SourceName">Cheap Shot</Setting>
					<Setting Name="Type">CA</Setting>
				</Set>
				<Set Name="42">
					<Setting Name="__SourceName">Strongarm</Setting>
					<Setting Name="Type">CA</Setting>
				</Set>
				<Set Name="43">
					<Setting Name="__SourceName">Walk the Plank</Setting>
					<Setting Name="Type">CA</Setting>
				</Set>
				<Set Name="44">
					<Setting Name="#">1</Setting>
					<Setting Name="__SourceName">Barroom Negotiation</Setting>
					<Setting Name="Type">CA</Setting>
				</Set>
				<Set Name="45">
					<Setting Name="__SourceName">Puncture</Setting>
					<Setting Name="Type">CA</Setting>
				</Set>
				<Set Name="46">
					<Setting Name="__SourceName">Thieving Essence</Setting>
					<Setting Name="Type">CA</Setting>
				</Set>
				<Set Name="47">
					<Setting Name="#">1</Setting>
					<Setting Name="__SourceName">Implosion</Setting>
					<Setting Name="Type">NamedCA</Setting>
				</Set>
				<Set Name="48">
					<Setting Name="#">1</Setting>
					<Setting Name="__SourceName">Dagger Storm</Setting>
					<Setting Name="Type">CA</Setting>
				</Set>
				<Set Name="49">
					<Setting Name="__SourceName">Ethershadow Assassin</Setting>
					<Setting Name="Type">NamedCA</Setting>
				</Set>
				<Set Name="50">
					<Setting Name="__SourceName">Walk the Plank</Setting>
					<Setting Name="Type">CA</Setting>
				</Set>
				<Set Name="51">
					<Setting Name="__SourceName">Cheap Shot</Setting>
					<Setting Name="Type">CA</Setting>
				</Set>
				<Set Name="52">
					<Setting Name="__SourceName">Strongarm</Setting>
					<Setting Name="Type">CA</Setting>
				</Set>
				<Set Name="53">
					<Setting Name="#">1</Setting>
					<Setting Name="__SourceName">Etherflash</Setting>
					<Setting Name="Type">CA</Setting>
				</Set>
				<Set Name="54">
					<Setting Name="__SourceName">Mana Schism</Setting>
					<Setting Name="Type">NamedCA</Setting>
				</Set>
				<Set Name="55">
					<Setting Name="__SourceName">Compounding Force</Setting>
					<Setting Name="Type">NamedCA</Setting>
				</Set>
				<Set Name="56">
					<Setting Name="__SourceName">Levinbolt</Setting>
					<Setting Name="Type">NamedCA</Setting>
				</Set>
				<Set Name="57">
					<Setting Name="__SourceName">Walk the Plank</Setting>
					<Setting Name="Type">CA</Setting>
				</Set>
				<Set Name="58">
					<Setting Name="__SourceName">Focused Blast</Setting>
					<Setting Name="Type">NamedCA</Setting>
				</Set>
				<Set Name="59">
					<Setting Name="__SourceName">Levinbolt</Setting>
					<Setting Name="Type">NamedCA</Setting>
				</Set>
				<Set Name="60">
					<Setting Name="__SourceName">Cheap Shot</Setting>
					<Setting Name="Type">CA</Setting>
				</Set>
				<Set Name="61">
					<Setting Name="__SourceName">Shank</Setting>
					<Setting Name="Type">CA</Setting>
				</Set>
				<Set Name="62">
					<Setting Name="__SourceName">Backstab</Setting>
					<Setting Name="Type">CA</Setting>
				</Set>
				<Set Name="63">
					<Setting Name="__SourceName">Black Jack</Setting>
					<Setting Name="Type">CA</Setting>
				</Set>
				<Set Name="64">
					<Setting Name="__SourceName">Shadow Slip</Setting>
					<Setting Name="Type">CA</Setting>
				</Set>
				<Set Name="65">
					<Setting Name="__SourceName">Rob</Setting>
					<Setting Name="Type">CA</Setting>
				</Set>
			</Set>
			<Set Name="Assist">
				<Set Name="1">
					<Setting Name="__SourceName">*Heresi</Setting>
				</Set>
			</Set>
			<Set Name="Precast">
				<Set Name="1">
					<Setting Name="__SourceName">Mercy or Anger</Setting>
					<Setting Name="On">Dance of Metal</Setting>
				</Set>
				<Set Name="2">
					<Setting Name="__SourceName">Dragon Claws</Setting>
					<Setting Name="On">Sunder</Setting>
				</Set>
				<Set Name="3">
					<Setting Name="__SourceName">Crimson Swath</Setting>
					<Setting Name="On">Barroom Negotiation</Setting>
				</Set>
			</Set>
			<Set Name="Postcast">
				<Set Name="1">
					<Setting Name="__SourceName">Barroom Negotiation</Setting>
					<Setting Name="After">Crimson Swath</Setting>
				</Set>
			</Set>
			<Set Name="Loot">
				<Setting Name="checkbox_loot_confirmnotrade">TRUE</Setting>
				<Setting Name="checkbox_loot_ffaaccept">TRUE</Setting>
				<Setting Name="checkbox_loot_lottoaccept">TRUE</Setting>
			</Set>
			<Set Name="OSA">
				<Setting Name="slider_osa_radius">45</Setting>
				<Setting Name="textentry_osa_radius">45</Setting>
				<Setting Name="checkbox_osa_targetsonly">TRUE</Setting>
				<Setting Name="checkbox_osa_clipyaxis">TRUE</Setting>
			</Set>
			<Set Name="AutoHunt">
				<Setting Name="checkbox_autohunt_checkaggro">FALSE</Setting>
				<Setting Name="combobox_autohunt_pullspell1">Mining</Setting>
				<Setting Name="checkbox_autohunt_pullspell1">FALSE</Setting>
			</Set>
			<Set Name="Other">
				<Setting Name="checkbox_other_requestconfrontfearviauplink">TRUE</Setting>
				<Setting Name="checkbox_other_requestconfrontfearviagroup">TRUE</Setting>
				<Setting Name="textentry_other_requestconfrontfearviagroup">Need a confront fear</Setting>
			</Set>
			<Set Name="Brigand">
				<Setting Name="checkbox_brigand_epic2">TRUE</Setting>
			</Set>
			<Set Name="Debug">
				<Setting Name="checkbox_debug_casting">FALSE</Setting>
			</Set>
			<Set Name="AutoTarget">
				<Setting Name="slider_autotarget_scanradius">50</Setting>
				<Setting Name="slider_autotarget_rescantime">200</Setting>
				<Setting Name="slider_autotarget_scanheight">5</Setting>
				<Setting Name="checkbox_autotarget_enabled">TRUE</Setting>
			</Set>
			<Set Name="Load">
				<Setting Name="checkbox_load_ogreirc">TRUE</Setting>
				<Setting Name="checkbox_load_radaroff">TRUE</Setting>
			</Set>
			<Set Name="LoadExecute">
				<Set Name="1">
					<Setting Name="__SourceName">eq2execute ics_playercombatautoface 0</Setting>
				</Set>
			</Set>
			<Set Name="EquipmentInfo">
				<Setting Name="combobox_equipmentinfo_charmoption1">Item:Sigil of the War Prince</Setting>
				<Setting Name="combobox_equipmentinfo_charmoption2">Item:The Polliwog Eye</Setting>
			</Set>
			<Set Name="OgreConsole">
				<Setting Name="textentry_ogreconsole_x">483</Setting>
				<Setting Name="textentry_ogreconsole_y">851</Setting>
				<Setting Name="textentry_ogreconsole_width">632</Setting>
				<Setting Name="textentry_ogreconsole_height">177</Setting>
			</Set>
			<Set Name="ChatEvents">
				<Set Name="1">
					<Setting Name="__SourceName">synergy</Setting>
					<Setting Name="Code">Cast Balanced Synergy</Setting>
				</Set>
			</Set>
			<Set Name="AscensionEmbargoList">
				<Set Name="1">
					<Setting Name="__SourceName">Ethershadow Assassin</Setting>
				</Set>
			</Set>
			<Set Name="Items">
				<Set Name="1">
					<Setting Name="__SourceName">Acidic Dragon Essence</Setting>
				</Set>
			</Set>
			<Set Name="AbilityResearch">
				<Set Name="1">
					<Setting Name="__SourceName">Forced Arbitration</Setting>
					<Setting Name="Ancient">TRUE</Setting>
				</Set>
			</Set>
		</Set>
	</Set>
</InnerSpaceSettings>
