﻿<?xml version='1.0' encoding='UTF-8'?>
<!-- Generated by LavishSettings v2 -->
<InnerSpaceSettings>
	<Set Name="Profiles">
		<Setting Name="DefaultProfiles">FuryFTW</Setting>
		<Set Name="FuryFTW">
			<Set Name="Settings">
				<Setting Name="checkbox_settings_buffs">TRUE</Setting>
				<Setting Name="checkbox_settings_combatarts">TRUE</Setting>
				<Setting Name="checkbox_settings_namedcombatarts">TRUE</Setting>
				<Setting Name="checkbox_settings_rangedattack">TRUE</Setting>
				<Setting Name="checkbox_settings_autoattacktiming">FALSE</Setting>
				<Setting Name="checkbox_settings_meleeattack">TRUE</Setting>
				<Setting Name="checkbox_settings_ignoretargettoattackhealthcheck">TRUE</Setting>
				<Setting Name="checkbox_settings_loot">FALSE</Setting>
				<Setting Name="checkbox_settings_acceptloot">TRUE</Setting>
				<Setting Name="checkbox_settings_acceptres">TRUE</Setting>
				<Setting Name="checkbox_settings_prioritytab">TRUE</Setting>
				<Setting Name="checkbox_settings_acceptinvites">TRUE</Setting>
				<Setting Name="checkbox_settings_enablealiases">TRUE</Setting>
				<Setting Name="checkbox_settings_enableogremcp">TRUE</Setting>
				<Setting Name="checkbox_settings_enableonscreenassistant">FALSE</Setting>
				<Setting Name="checkbox_settings_enableannouncetab">TRUE</Setting>
				<Setting Name="checkbox_settings_raidoptions">TRUE</Setting>
				<Setting Name="checkbox_settings_grindoptions">TRUE</Setting>
				<Setting Name="checkbox_settings_encountersmartnukes">TRUE</Setting>
				<Setting Name="checkbox_settings_aesmartnukes">TRUE</Setting>
				<Setting Name="checkbox_settings_autotargetwhenhated">TRUE</Setting>
				<Setting Name="checkbox_settings_res">TRUE</Setting>
				<Setting Name="checkbox_settings_dopowerheals">TRUE</Setting>
				<Setting Name="checkbox_settings_assist">TRUE</Setting>
				<Setting Name="checkbox_settings_autofollow">TRUE</Setting>
				<Setting Name="checkbox_settings_chaintab">TRUE</Setting>
				<Setting Name="checkbox_settings_movetoarea">TRUE</Setting>
				<Setting Name="checkbox_settings_doho">FALSE</Setting>
				<Setting Name="checkbox_settings_facenpc">TRUE</Setting>
				<Setting Name="checkbox_settings_turnoffattack">TRUE</Setting>
				<Setting Name="checkbox_settings_cancelabilitiestogroupcure">FALSE</Setting>
				<Setting Name="checkbox_settings_disablecaststack_buffs">FALSE</Setting>
				<Setting Name="checkbox_settings_autospend_deitypoints">TRUE</Setting>
				<Setting Name="checkbox_settings_acceptdungeonfinderisready">TRUE</Setting>
				<Setting Name="checkbox_settings_disablecaststack_heal">FALSE</Setting>
				<Setting Name="checkbox_settings_disablecaststack_combat">FALSE</Setting>
				<Setting Name="checkbox_settings_autocomplete_ascensioncombos">FALSE</Setting>
				<Setting Name="checkbox_settings_handle_hq_earring">FALSE</Setting>
				<Setting Name="checkbox_settings_forcenamedcatab">FALSE</Setting>
				<Setting Name="checkbox_settings_autospend_skipcb">FALSE</Setting>
				<Setting Name="checkbox_settings_autospend_skipstamina">TRUE</Setting>
				<Setting Name="checkbox_settings_disableabilitycollisionchecks">FALSE</Setting>
				<Setting Name="checkbox_settings_autospend_skippotency">TRUE</Setting>
				<Setting Name="checkbox_settings_summon_familiar">TRUE</Setting>
				<Setting Name="checkbox_settings_movemelee">FALSE</Setting>
				<Setting Name="checkbox_settings_ignoremovetoattackhealthcheck">TRUE</Setting>
				<Setting Name="checkbox_settings_autoshare_missions">TRUE</Setting>
				<Setting Name="checkbox_settings_display_ethereal_mission_info">TRUE</Setting>
				<Setting Name="checkbox_settings_acceptnochoicerewards">TRUE</Setting>
				<Setting Name="checkbox_settings_movebehind">FALSE</Setting>
				<Setting Name="checkbox_settings_accept_zonein_confirmation">TRUE</Setting>
				<Setting Name="checkbox_settings_castwhilemoving">FALSE</Setting>
				<Setting Name="checkbox_settings_auto_use_temporary_mount_reduction">TRUE</Setting>
				<Setting Name="checkbox_settings_auto_use_temporary_research_reduction">TRUE</Setting>
				<Setting Name="checkbox_settings_auto_use_temporary_familiar_experience">TRUE</Setting>
				<Setting Name="checkbox_settings_globally_mute_abilityrotation">TRUE</Setting>
				<Setting Name="checkbox_settings_no_overseer">TRUE</Setting>
				<Setting Name="checkbox_settings_disablemercsupport">FALSE</Setting>
				<Setting Name="checkbox_settings_disablecaststack_items">FALSE</Setting>
				<Setting Name="checkbox_settings_ascension_embargo_and_combos">TRUE</Setting>
				<Setting Name="checkbox_settings_moveinfront">FALSE</Setting>
				<Setting Name="checkbox_settings_enable_abilityrotate">TRUE</Setting>
				<Setting Name="checkbox_settings_disable_bulwark_of_order">TRUE</Setting>
				<Setting Name="checkbox_settings_show_surge_messages">FALSE</Setting>
				<Setting Name="checkbox_settings_disablecaststack_nonnamedca">FALSE</Setting>
				<Setting Name="checkbox_settings_consumeitems">TRUE</Setting>
				<Setting Name="checkbox_settings_enable_tag_embargo">TRUE</Setting>
				<Setting Name="checkbox_settings_enable_tag_allow">TRUE</Setting>
				<Setting Name="checkbox_settings_enable_itemrotate">TRUE</Setting>
				<Setting Name="checkbox_settings_enable_chatevents">TRUE</Setting>
				<Setting Name="checkbox_settings_enable_spawnevents">TRUE</Setting>
				<Setting Name="checkbox_settings_enable_despawnevents">TRUE</Setting>
				<Setting Name="checkbox_settings_skipcutscenes">TRUE</Setting>
				<Setting Name="checkbox_settings_cancelinvisaftercombat">TRUE</Setting>
				<Setting Name="checkbox_settings_disablecaststack_cure">FALSE</Setting>
			</Set>
			<Set Name="Setup">
				<Setting Name="textentry_setup_percenttoattack">99</Setting>
				<Setting Name="textentry_setup_moveintoattackrangehealthpercent">99</Setting>
				<Setting Name="textentry_setup_petpercenttoattack">99</Setting>
				<Setting Name="textentry_setup_powertousecas">1</Setting>
				<Setting Name="textentry_setup_healthtousecas">1</Setting>
				<Setting Name="textentry_setup_percenttousemanastone">10</Setting>
				<Setting Name="textentry_setup_percenttouseshards">10</Setting>
				<Setting Name="textentry_setup_reswaittimer">2</Setting>
				<Setting Name="textentry_setup_moveintomeleerangemaxdistance">40</Setting>
				<Setting Name="textentry_setup_autofollowmaxdistance">35</Setting>
				<Setting Name="checkbox_setup_broadcasttellstouplink">TRUE</Setting>
				<Setting Name="checkbox_setup_receivetellsfromuplink">TRUE</Setting>
				<Setting Name="combobox_setup_autofollowname">@Tank</Setting>
				<Setting Name="checkbox_setup_playsoundonreceivetellsfromuplink">FALSE</Setting>
				<Setting Name="textentry_setup_pbaetargets">3</Setting>
				<Setting Name="textentry_setup_encountertargets">3</Setting>
			</Set>
			<Set Name="Aliases">
				<Set Name="1">
					<Setting Name="__SourceName">*mythbuff</Setting>
					<Setting Name="For">Apples</Setting>
				</Set>
			</Set>
			<Set Name="CastStack">
				<Set Name="1">
					<Setting Name="%">20</Setting>
					<Setting Name="__SourceName">Sylvan Touch</Setting>
					<Setting Name="Named">TRUE</Setting>
					<Setting Name="Target">@Tank</Setting>
					<Setting Name="Type">Heal</Setting>
				</Set>
				<Set Name="2">
					<Setting Name="#">1</Setting>
					<Setting Name="%">25</Setting>
					<Setting Name="__SourceName">Feral Pulse</Setting>
					<Setting Name="Target">@Group</Setting>
					<Setting Name="Type">Heal</Setting>
				</Set>
				<Set Name="3">
					<Setting Name="%">25</Setting>
					<Setting Name="__SourceName">Sylvan Touch</Setting>
					<Setting Name="Named">TRUE</Setting>
					<Setting Name="Target">@Me</Setting>
					<Setting Name="Type">Heal</Setting>
				</Set>
				<Set Name="4">
					<Setting Name="%">35</Setting>
					<Setting Name="__SourceName">Feral Tenacity</Setting>
					<Setting Name="Named">TRUE</Setting>
					<Setting Name="Target">@Tank</Setting>
					<Setting Name="Type">Heal</Setting>
				</Set>
				<Set Name="5">
					<Setting Name="__SourceName">Hibernation</Setting>
					<Setting Name="ID">TRUE</Setting>
					<Setting Name="Target">@Me</Setting>
					<Setting Name="Type">Combat</Setting>
				</Set>
				<Set Name="6">
					<Setting Name="#">4</Setting>
					<Setting Name="__SourceName">Supplication of the Fallen</Setting>
					<Setting Name="Target">@Raid</Setting>
					<Setting Name="Type">Res</Setting>
				</Set>
				<Set Name="7">
					<Setting Name="__SourceName">Untamed Regeneration</Setting>
					<Setting Name="Target">@Me</Setting>
					<Setting Name="Type">Heal</Setting>
					<Setting Name="#">2</Setting>
					<Setting Name="%">80</Setting>
				</Set>
				<Set Name="8">
					<Setting Name="__SourceName">Autumn's Kiss</Setting>
					<Setting Name="Target">@Me</Setting>
					<Setting Name="Type">Combat</Setting>
				</Set>
				<Set Name="9">
					<Setting Name="%">25</Setting>
					<Setting Name="__SourceName">Embodiment of Nature</Setting>
					<Setting Name="ATag">EmNat</Setting>
					<Setting Name="AType">Trigger Only</Setting>
					<Setting Name="Type">Heal</Setting>
				</Set>
				<Set Name="10">
					<Setting Name="%">25</Setting>
					<Setting Name="__SourceName">Regrowth</Setting>
					<Setting Name="ATag">EmNat</Setting>
					<Setting Name="AType">Listen Only</Setting>
					<Setting Name="Target">@Group</Setting>
					<Setting Name="Type">Heal</Setting>
				</Set>
				<Set Name="11">
					<Setting Name="%">45</Setting>
					<Setting Name="__SourceName">Faith of the Fallen</Setting>
					<Setting Name="Named">TRUE</Setting>
					<Setting Name="Target">@Tank</Setting>
					<Setting Name="Type">Heal</Setting>
				</Set>
				<Set Name="12">
					<Setting Name="%">45</Setting>
					<Setting Name="__SourceName">Faith of the Fallen</Setting>
					<Setting Name="Named">TRUE</Setting>
					<Setting Name="Target">@Me</Setting>
					<Setting Name="Type">Heal</Setting>
				</Set>
				<Set Name="13">
					<Setting Name="%">45</Setting>
					<Setting Name="__SourceName">Faith of the Fallen</Setting>
					<Setting Name="Named">TRUE</Setting>
					<Setting Name="Target">@Group</Setting>
					<Setting Name="Type">Heal</Setting>
				</Set>
				<Set Name="14">
					<Setting Name="#">1</Setting>
					<Setting Name="%">60</Setting>
					<Setting Name="__SourceName">Pact of the Cheetah</Setting>
					<Setting Name="Target">@Group</Setting>
					<Setting Name="Type">Heal</Setting>
				</Set>
				<Set Name="15">
					<Setting Name="%">55</Setting>
					<Setting Name="__SourceName">Back into the Fray</Setting>
					<Setting Name="Named">TRUE</Setting>
					<Setting Name="Target">@Tank</Setting>
					<Setting Name="Type">Heal</Setting>
				</Set>
				<Set Name="16">
					<Setting Name="%">55</Setting>
					<Setting Name="__SourceName">Back into the Fray</Setting>
					<Setting Name="Named">TRUE</Setting>
					<Setting Name="Target">@Me</Setting>
					<Setting Name="Type">Heal</Setting>
				</Set>
				<Set Name="17">
					<Setting Name="%">55</Setting>
					<Setting Name="__SourceName">Back into the Fray</Setting>
					<Setting Name="Target">@Group</Setting>
					<Setting Name="Type">Heal</Setting>
				</Set>
				<Set Name="18">
					<Setting Name="__SourceName">Regrowth</Setting>
					<Setting Name="ATag">EmNat</Setting>
					<Setting Name="AType">Trigger Only</Setting>
					<Setting Name="Target">@Tank</Setting>
					<Setting Name="Type">Combat</Setting>
					<Setting Name="__Disabled">TRUE</Setting>
				</Set>
				<Set Name="19">
					<Setting Name="#">2</Setting>
					<Setting Name="%">95</Setting>
					<Setting Name="__SourceName">Autumn's Kiss</Setting>
					<Setting Name="Target">@Group</Setting>
					<Setting Name="Type">Heal</Setting>
				</Set>
				<Set Name="20">
					<Setting Name="#">2</Setting>
					<Setting Name="__SourceName">Tunare's Grace</Setting>
					<Setting Name="Tag">cures</Setting>
					<Setting Name="Type">Cure</Setting>
				</Set>
				<Set Name="21">
					<Setting Name="#">2</Setting>
					<Setting Name="__SourceName">Abolishment</Setting>
					<Setting Name="Tag">cures</Setting>
					<Setting Name="Type">Cure</Setting>
				</Set>
				<Set Name="22">
					<Setting Name="__SourceName">Cure Curse</Setting>
					<Setting Name="Tag">cures</Setting>
					<Setting Name="Target">@Tank</Setting>
					<Setting Name="Type">Cure</Setting>
				</Set>
				<Set Name="23">
					<Setting Name="__SourceName">Cure Curse</Setting>
					<Setting Name="Tag">cures</Setting>
					<Setting Name="Target">@Me</Setting>
					<Setting Name="Type">Cure</Setting>
				</Set>
				<Set Name="24">
					<Setting Name="__SourceName">Cure Curse</Setting>
					<Setting Name="Tag">cures</Setting>
					<Setting Name="Target">@Group</Setting>
					<Setting Name="Type">Cure</Setting>
				</Set>
				<Set Name="25">
					<Setting Name="__SourceName">Cure Curse</Setting>
					<Setting Name="Tag">cures</Setting>
					<Setting Name="Target">@Raid</Setting>
					<Setting Name="Type">Cure</Setting>
				</Set>
				<Set Name="26">
					<Setting Name="__SourceName">Cure</Setting>
					<Setting Name="Tag">cures</Setting>
					<Setting Name="Target">@Group</Setting>
					<Setting Name="Type">Cure</Setting>
				</Set>
				<Set Name="27">
					<Setting Name="#">1</Setting>
					<Setting Name="__SourceName">Tunare's Grace</Setting>
					<Setting Name="Tag">cures</Setting>
					<Setting Name="Type">Cure</Setting>
				</Set>
				<Set Name="28">
					<Setting Name="#">1</Setting>
					<Setting Name="__SourceName">Abolishment</Setting>
					<Setting Name="Tag">cures</Setting>
					<Setting Name="Type">Cure</Setting>
				</Set>
				<Set Name="29">
					<Setting Name="#">1</Setting>
					<Setting Name="__SourceName">Natural Cleanse</Setting>
					<Setting Name="Tag">cures</Setting>
					<Setting Name="Type">Cure</Setting>
				</Set>
				<Set Name="30">
					<Setting Name="#">2</Setting>
					<Setting Name="__SourceName">Supplication of the Fallen</Setting>
					<Setting Name="Target">@Raid</Setting>
					<Setting Name="Type">Res</Setting>
				</Set>
				<Set Name="31">
					<Setting Name="#">2</Setting>
					<Setting Name="__SourceName">Call of the Hunt</Setting>
					<Setting Name="Target">@Raid</Setting>
					<Setting Name="Type">Res</Setting>
				</Set>
				<Set Name="32">
					<Setting Name="#">2</Setting>
					<Setting Name="__SourceName">Supplication of the Fallen</Setting>
					<Setting Name="Target">@Group</Setting>
					<Setting Name="Type">Res</Setting>
				</Set>
				<Set Name="33">
					<Setting Name="#">2</Setting>
					<Setting Name="__SourceName">Call of the Hunt</Setting>
					<Setting Name="Target">@Group</Setting>
					<Setting Name="Type">Res</Setting>
				</Set>
				<Set Name="34">
					<Setting Name="__SourceName">Primeval Awakening</Setting>
					<Setting Name="Target">@Healer2</Setting>
					<Setting Name="Type">Res</Setting>
				</Set>
				<Set Name="35">
					<Setting Name="__SourceName">Primeval Awakening</Setting>
					<Setting Name="Target">@Tank</Setting>
					<Setting Name="Type">Res</Setting>
				</Set>
				<Set Name="36">
					<Setting Name="__SourceName">Primeval Awakening</Setting>
					<Setting Name="Target">@Group</Setting>
					<Setting Name="Type">Res</Setting>
				</Set>
				<Set Name="37">
					<Setting Name="__SourceName">Primeval Awakening</Setting>
					<Setting Name="Target">@Raid</Setting>
					<Setting Name="Type">Res</Setting>
				</Set>
				<Set Name="38">
					<Setting Name="__SourceName">Fierce Rousing</Setting>
					<Setting Name="Target">@Healer2</Setting>
					<Setting Name="Type">Res</Setting>
				</Set>
				<Set Name="39">
					<Setting Name="__SourceName">Fierce Rousing</Setting>
					<Setting Name="Target">@Tank</Setting>
					<Setting Name="Type">Res</Setting>
				</Set>
				<Set Name="40">
					<Setting Name="__SourceName">Fierce Rousing</Setting>
					<Setting Name="Target">@Group</Setting>
					<Setting Name="Type">Res</Setting>
				</Set>
				<Set Name="41">
					<Setting Name="__SourceName">Fierce Rousing</Setting>
					<Setting Name="Target">@Raid</Setting>
					<Setting Name="Type">Res</Setting>
				</Set>
				<Set Name="42">
					<Setting Name="__SourceName">Revive</Setting>
					<Setting Name="Target">@Healer2</Setting>
					<Setting Name="Type">Res</Setting>
				</Set>
				<Set Name="43">
					<Setting Name="__SourceName">Revive</Setting>
					<Setting Name="Target">@Tank</Setting>
					<Setting Name="Type">Res</Setting>
				</Set>
				<Set Name="44">
					<Setting Name="__SourceName">Revive</Setting>
					<Setting Name="Target">@Group</Setting>
					<Setting Name="Type">Res</Setting>
				</Set>
				<Set Name="45">
					<Setting Name="__SourceName">Revive</Setting>
					<Setting Name="Target">@Raid</Setting>
					<Setting Name="Type">Res</Setting>
				</Set>
				<Set Name="46">
					<Setting Name="#">1</Setting>
					<Setting Name="__SourceName">Call of the Hunt</Setting>
					<Setting Name="Target">@Group</Setting>
					<Setting Name="Type">Res</Setting>
				</Set>
				<Set Name="47">
					<Setting Name="__Disabled">TRUE</Setting>
					<Setting Name="__SourceName">Master of Storms</Setting>
					<Setting Name="Type">Buff</Setting>
				</Set>
				<Set Name="48">
					<Setting Name="__SourceName">Nature's Ferocity</Setting>
					<Setting Name="Type">Buff</Setting>
				</Set>
				<Set Name="49">
					<Setting Name="__SourceName">Shapeshift: Treant</Setting>
					<Setting Name="Type">Buff</Setting>
				</Set>
				<Set Name="50">
					<Setting Name="__SourceName">Forest Spirit</Setting>
					<Setting Name="Type">Buff</Setting>
				</Set>
				<Set Name="51">
					<Setting Name="__SourceName">Peerless Predator</Setting>
					<Setting Name="Type">Buff</Setting>
				</Set>
				<Set Name="52">
					<Setting Name="__SourceName">Nature's Wrath</Setting>
					<Setting Name="Type">Buff</Setting>
				</Set>
				<Set Name="53">
					<Setting Name="__SourceName">Primal Fury</Setting>
					<Setting Name="Type">Buff</Setting>
				</Set>
				<Set Name="54">
					<Setting Name="__SourceName">Thornskin</Setting>
					<Setting Name="Target">@Tank</Setting>
					<Setting Name="Type">Buff</Setting>
				</Set>
				<Set Name="55">
					<Setting Name="__SourceName">Wrath's Blessing</Setting>
					<Setting Name="Target">*Mythbuff</Setting>
					<Setting Name="Type">Buff</Setting>
				</Set>
				<Set Name="56">
					<Setting Name="__SourceName">Force of Nature</Setting>
					<Setting Name="Target">@Tank</Setting>
					<Setting Name="Type">Buff</Setting>
				</Set>
				<Set Name="57">
					<Setting Name="__SourceName">Spirit of the Bat</Setting>
					<Setting Name="Target">@Bard</Setting>
					<Setting Name="Type">Buff</Setting>
				</Set>
				<Set Name="58">
					<Setting Name="__SourceName">Lucidity</Setting>
					<Setting Name="Target">@DPS1</Setting>
					<Setting Name="Type">Buff</Setting>
				</Set>
				<Set Name="59">
					<Setting Name="__SourceName">Lucidity</Setting>
					<Setting Name="Target">@Enchanter</Setting>
					<Setting Name="Type">Buff</Setting>
				</Set>
				<Set Name="60">
					<Setting Name="__Disabled">TRUE</Setting>
					<Setting Name="__SourceName">Lucidity</Setting>
					<Setting Name="Target">@Tank</Setting>
					<Setting Name="Type">Buff</Setting>
				</Set>
				<Set Name="61">
					<Setting Name="__SourceName">Armor of Nature</Setting>
					<Setting Name="Type">Buff</Setting>
				</Set>
				<Set Name="62">
					<Setting Name="__SourceName">Infusion</Setting>
					<Setting Name="Type">Buff</Setting>
				</Set>
				<Set Name="63">
					<Setting Name="__SourceName">Reprieve</Setting>
					<Setting Name="Type">Buff</Setting>
				</Set>
				<Set Name="64">
					<Setting Name="__SourceName">Casting Expertise</Setting>
					<Setting Name="Type">Buff</Setting>
				</Set>
				<Set Name="65">
					<Setting Name="__SourceName">Elemental Avatar</Setting>
					<Setting Name="Type">Buff</Setting>
				</Set>
				<Set Name="66">
					<Setting Name="__SourceName">Vortex of Nature</Setting>
					<Setting Name="Type">Buff</Setting>
				</Set>
				<Set Name="67">
					<Setting Name="__SourceName">Master of the Hunt</Setting>
					<Setting Name="Type">Buff</Setting>
				</Set>
				<Set Name="68">
					<Setting Name="__Disabled">TRUE</Setting>
					<Setting Name="__SourceName">Pact of the Fire Tyrant</Setting>
					<Setting Name="Type">Buff</Setting>
				</Set>
				<Set Name="69">
					<Setting Name="__SourceName">Porcupine</Setting>
					<Setting Name="Type">NamedCA</Setting>
				</Set>
				<Set Name="70">
					<Setting Name="__SourceName">Fae Fire</Setting>
					<Setting Name="Type">CA</Setting>
				</Set>
				<Set Name="71">
					<Setting Name="__SourceName">Energy Vortex</Setting>
					<Setting Name="HP&gt;">80</Setting>
					<Setting Name="MAX">TRUE</Setting>
					<Setting Name="Type">CA</Setting>
				</Set>
				<Set Name="72">
					<Setting Name="__SourceName">Protective Instinct</Setting>
					<Setting Name="Type">NamedCA</Setting>
				</Set>
				<Set Name="73">
					<Setting Name="#">3</Setting>
					<Setting Name="__SourceName">Blistering Waste</Setting>
					<Setting Name="Tag">ASC</Setting>
					<Setting Name="Type">CA</Setting>
					<Setting Name="__Disabled">TRUE</Setting>
				</Set>
				<Set Name="74">
					<Setting Name="#">3</Setting>
					<Setting Name="__SourceName">Dominion of Fire</Setting>
					<Setting Name="Tag">ASC</Setting>
					<Setting Name="Type">CA</Setting>
					<Setting Name="__Disabled">TRUE</Setting>
				</Set>
				<Set Name="75">
					<Setting Name="__SourceName">Stormbearer's Fury</Setting>
					<Setting Name="Type">CA</Setting>
				</Set>
				<Set Name="76">
					<Setting Name="#">3</Setting>
					<Setting Name="__SourceName">Raging Whirlwind</Setting>
					<Setting Name="Type">CA</Setting>
				</Set>
				<Set Name="77">
					<Setting Name="__SourceName">Rage of the Wild</Setting>
					<Setting Name="Type">CA</Setting>
				</Set>
				<Set Name="78">
					<Setting Name="#">3</Setting>
					<Setting Name="__SourceName">Frozen Heavens</Setting>
					<Setting Name="Tag">ASC</Setting>
					<Setting Name="Type">CA</Setting>
					<Setting Name="__Disabled">TRUE</Setting>
				</Set>
				<Set Name="79">
					<Setting Name="#">2</Setting>
					<Setting Name="__SourceName">Heart Of The Storm</Setting>
					<Setting Name="Type">CA</Setting>
				</Set>
				<Set Name="80">
					<Setting Name="__SourceName">Glacial Freeze</Setting>
					<Setting Name="Type">NamedCA</Setting>
					<Setting Name="__Disabled">TRUE</Setting>
				</Set>
				<Set Name="81">
					<Setting Name="__SourceName">Tempest</Setting>
					<Setting Name="IAE">TRUE</Setting>
					<Setting Name="Type">CA</Setting>
				</Set>
				<Set Name="82">
					<Setting Name="__SourceName">Death Swarm</Setting>
					<Setting Name="IAE">TRUE</Setting>
					<Setting Name="Type">CA</Setting>
				</Set>
				<Set Name="83">
					<Setting Name="__SourceName">Intimidation</Setting>
					<Setting Name="Type">NamedDebuff</Setting>
				</Set>
				<Set Name="84">
					<Setting Name="__SourceName">Wrath of Nature</Setting>
					<Setting Name="IAE">TRUE</Setting>
					<Setting Name="MAX">TRUE</Setting>
					<Setting Name="Type">CA</Setting>
				</Set>
				<Set Name="85">
					<Setting Name="__SourceName">Brittle Armor</Setting>
					<Setting Name="Tag">ASC</Setting>
					<Setting Name="Type">NamedDebuff</Setting>
					<Setting Name="__Disabled">TRUE</Setting>
				</Set>
				<Set Name="86">
					<Setting Name="__SourceName">Thunderbolt</Setting>
					<Setting Name="Type">CA</Setting>
				</Set>
				<Set Name="87">
					<Setting Name="__SourceName">Master's Smite</Setting>
					<Setting Name="Type">CA</Setting>
				</Set>
				<Set Name="88">
					<Setting Name="__SourceName">Starnova</Setting>
					<Setting Name="IE">TRUE</Setting>
					<Setting Name="Type">CA</Setting>
				</Set>
				<Set Name="89">
					<Setting Name="__SourceName">Smite of Consistency</Setting>
					<Setting Name="Type">CA</Setting>
				</Set>
				<Set Name="90">
					<Setting Name="__SourceName">Wrath</Setting>
					<Setting Name="Type">CA</Setting>
				</Set>
				<Set Name="91">
					<Setting Name="__SourceName">Thunderspike</Setting>
					<Setting Name="Type">CA</Setting>
				</Set>
				<Set Name="92">
					<Setting Name="__SourceName">Lightning Siphon</Setting>
					<Setting Name="Type">CA</Setting>
				</Set>
				<Set Name="93">
					<Setting Name="__SourceName">Hierophant Grasp</Setting>
					<Setting Name="Type">CA</Setting>
				</Set>
				<Set Name="94">
					<Setting Name="__SourceName">Ferocity of the Eel</Setting>
					<Setting Name="Type">NonCombatBuff</Setting>
				</Set>
				<Set Name="95">
					<Setting Name="__SourceName">Devoted Shadeweaver Sidekick</Setting>
					<Setting Name="Type">Buff</Setting>
				</Set>
				<Set Name="96">
					<Setting Name="__SourceName">Glide</Setting>
					<Setting Name="Type">Buff</Setting>
				</Set>
				<Set Name="97">
					<Setting Name="__SourceName">Guild Buff</Setting>
					<Setting Name="Type">Buff</Setting>
				</Set>
			</Set>
			<Set Name="AbilityRotation">
				<Set Name="1">
					<Setting Name="__SourceName">Glacial Freeze</Setting>
					<Setting Name="I">TRUE</Setting>
					<Setting Name="IRC">TRUE</Setting>
				</Set>
				<Set Name="2">
					<Setting Name="__SourceName">Phoenix Rising</Setting>
					<Setting Name="G">TRUE</Setting>
				</Set>
			</Set>
			<Set Name="ItemRotation">
				<Set Name="1">
					<Setting Name="__IsItem">TRUE</Setting>
					<Setting Name="__ItemName">Scepter of Shadows</Setting>
					<Setting Name="__SourceName">Item:Scepter of Shadows</Setting>
					<Setting Name="Dur">25</Setting>
					<Setting Name="I">TRUE</Setting>
					<Setting Name="IRC">TRUE</Setting>
				</Set>
			</Set>
			<Set Name="Postcast">
				<Set Name="1">
					<Setting Name="__SourceName">Wildfire</Setting>
					<Setting Name="After">Protective Instinct</Setting>
				</Set>
				<Set Name="2">
					<Setting Name="__SourceName">Regrowth</Setting>
					<Setting Name="After">Embodiment of Nature</Setting>
				</Set>
			</Set>
			<Set Name="Loot">
				<Setting Name="checkbox_loot_ffaaccept">TRUE</Setting>
				<Setting Name="checkbox_loot_confirmnotrade">TRUE</Setting>
				<Setting Name="checkbox_loot_lottoaccept">FALSE</Setting>
				<Setting Name="checkbox_loot_nbggreed">FALSE</Setting>
				<Setting Name="checkbox_loot_unpackwarrunes">TRUE</Setting>
				<Setting Name="checkbox_loot_unpackdraconicphylactery">TRUE</Setting>
				<Setting Name="checkbox_loot_unpackstatusbag">TRUE</Setting>
				<Setting Name="checkbox_loot_ffalooteverything">FALSE</Setting>
				<Setting Name="checkbox_loot_lo_enable">FALSE</Setting>
				<Setting Name="checkbox_loot_lo_looteverything">TRUE</Setting>
				<Setting Name="checkbox_loot_lo_smartassign">TRUE</Setting>
			</Set>
			<Set Name="OSA">
				<Setting Name="slider_osa_radius">149</Setting>
				<Setting Name="textentry_osa_radius">149</Setting>
				<Setting Name="checkbox_osa_targetsonly">TRUE</Setting>
			</Set>
			<Set Name="Announce">
				<Set Name="1">
					<Setting Name="__SourceName">Tortoise Shell</Setting>
					<Setting Name="Target">Group</Setting>
					<Setting Name="Txt">Casting Tortoise Shell</Setting>
				</Set>
				<Set Name="2">
					<Setting Name="__SourceName">Cure Curse</Setting>
					<Setting Name="Target">Group</Setting>
					<Setting Name="Txt">Cure Curse on *Target*</Setting>
				</Set>
				<Set Name="3">
					<Setting Name="__SourceName">Cure Curse</Setting>
					<Setting Name="Target">Raid</Setting>
					<Setting Name="Txt">Cure Curse on *Target*</Setting>
				</Set>
				<Set Name="4">
					<Setting Name="__SourceName">Serene Symbol</Setting>
					<Setting Name="Target">Raid</Setting>
					<Setting Name="Txt">Casting Serene Symbol</Setting>
				</Set>
				<Set Name="5">
					<Setting Name="__SourceName">Natural Cleanse</Setting>
					<Setting Name="Target">Raid</Setting>
					<Setting Name="Txt">Natural Cleanse - Raidwide Cure Over Time [18 sec]</Setting>
				</Set>
				<Set Name="6">
					<Setting Name="__SourceName">Natural Cleanse</Setting>
					<Setting Name="Target">Group</Setting>
					<Setting Name="Txt">Natural Cleanse - Groupwide Cure Over Time [18 sec]</Setting>
				</Set>
				<Set Name="7">
					<Setting Name="__SourceName">Supplication of the Fallen</Setting>
					<Setting Name="Target">Group</Setting>
					<Setting Name="Txt">Group Res *target*</Setting>
				</Set>
				<Set Name="8">
					<Setting Name="__SourceName">Supplication of the Fallen</Setting>
					<Setting Name="Target">Raid</Setting>
					<Setting Name="Txt">Raid Res *target*</Setting>
				</Set>
				<Set Name="9">
					<Setting Name="__SourceName">Call of the Hunt</Setting>
					<Setting Name="Target">Group</Setting>
					<Setting Name="Txt">Group Res</Setting>
				</Set>
				<Set Name="10">
					<Setting Name="__SourceName">Call of the Hunt</Setting>
					<Setting Name="Target">Raid</Setting>
					<Setting Name="Txt">Group Res on *target*</Setting>
				</Set>
				<Set Name="11">
					<Setting Name="__SourceName">Fierce Rousing</Setting>
					<Setting Name="Target">Group</Setting>
					<Setting Name="Txt">Reviving *target*</Setting>
				</Set>
				<Set Name="12">
					<Setting Name="__SourceName">Untamed Regeneration</Setting>
					<Setting Name="Target">Execute In Console</Setting>
					<Setting Name="Txt">run ProtectiveInstinct</Setting>
				</Set>
				<Set Name="13">
					<Setting Name="__SourceName">Fierce Rousing</Setting>
					<Setting Name="Target">Raid</Setting>
					<Setting Name="Txt">Reviving *target*</Setting>
				</Set>
				<Set Name="14">
					<Setting Name="__SourceName">Primeval Awakening</Setting>
					<Setting Name="Target">Group</Setting>
					<Setting Name="Txt">Reviving *target*</Setting>
				</Set>
				<Set Name="15">
					<Setting Name="__SourceName">Primeval Awakening</Setting>
					<Setting Name="Target">Raid</Setting>
					<Setting Name="Txt">Reviving *target*</Setting>
				</Set>
				<Set Name="16">
					<Setting Name="__SourceName">Revive</Setting>
					<Setting Name="Target">Group</Setting>
					<Setting Name="Txt">Reviving *target*</Setting>
				</Set>
				<Set Name="17">
					<Setting Name="__SourceName">Revive</Setting>
					<Setting Name="Target">Raid</Setting>
					<Setting Name="Txt">Reviving *target*</Setting>
				</Set>
				<Set Name="18">
					<Setting Name="__SourceName">Porcupine</Setting>
					<Setting Name="Target">Group</Setting>
					<Setting Name="Txt">Porcupine [40sec]</Setting>
				</Set>
				<Set Name="19">
					<Setting Name="__SourceName">Porcupine</Setting>
					<Setting Name="Target">Raid</Setting>
					<Setting Name="Txt">Porcupine [40 sec]</Setting>
				</Set>
				<Set Name="20">
					<Setting Name="__SourceName">Feral Tenacity</Setting>
					<Setting Name="Target">Group</Setting>
					<Setting Name="Txt">Death Save on *target*</Setting>
				</Set>
				<Set Name="21">
					<Setting Name="__SourceName">Pact of the Cheetah</Setting>
					<Setting Name="Target">Group</Setting>
					<Setting Name="Txt">Cheetah</Setting>
				</Set>
				<Set Name="22">
					<Setting Name="__IsItem">TRUE</Setting>
					<Setting Name="__ItemName">Scepter of Shadows</Setting>
					<Setting Name="__SourceName">Item:Scepter of Shadows</Setting>
					<Setting Name="Target">Group</Setting>
					<Setting Name="Txt">Scepter of Shadows [5sec]</Setting>
				</Set>
			</Set>
			<Set Name="AutoHunt">
				<Setting Name="checkbox_autohunt_pullspell1">TRUE</Setting>
				<Setting Name="combobox_autohunt_pullspell1">Death Swarm</Setting>
				<Setting Name="checkbox_autohunt_checkaggro">TRUE</Setting>
				<Setting Name="checkbox_autohunt_checkhp">TRUE</Setting>
				<Setting Name="checkbox_autohunt_checkmana">TRUE</Setting>
				<Setting Name="textentry_autohunt_checkhp">75</Setting>
				<Setting Name="textentry_autohunt_checkmana">75</Setting>
				<Setting Name="checkbox_autohunt_ignoregray">TRUE</Setting>
				<Setting Name="checkbox_autohunt_ignorered">TRUE</Setting>
				<Setting Name="checkbox_autohunt_autohunt">FALSE</Setting>
				<Setting Name="combobox_autohunt_pullspell2">Wrath</Setting>
				<Setting Name="checkbox_autohunt_pullspell2">TRUE</Setting>
			</Set>
			<Set Name="Other">
				<Setting Name="combobox_other_curabledisable">Howling with the Pack</Setting>
				<Setting Name="checkbox_other_curabledisable">TRUE</Setting>
				<Setting Name="checkbox_other_requestconfrontfearviauplink">TRUE</Setting>
				<Setting Name="checkbox_other_requestconfrontfearviaraid">TRUE</Setting>
				<Setting Name="textentry_other_requestconfrontfearviaraid">Need a confront fear</Setting>
				<Setting Name="checkbox_other_rezanyone">TRUE</Setting>
				<Setting Name="checkbox_other_requestconfrontfearviagroup">FALSE</Setting>
			</Set>
			<Set Name="Inquisitor">
				<Setting Name="checkbox_inquisitor_verdictepics">FALSE</Setting>
				<Setting Name="checkbox_inquisitor_verdictepicnamedonly">FALSE</Setting>
				<Setting Name="checkbox_inquisitor_verdictheroics">FALSE</Setting>
				<Setting Name="checkbox_inquisitor_verdictheroicnamedonly">FALSE</Setting>
			</Set>
			<Set Name="Debug">
				<Setting Name="checkbox_debug_casting">TRUE</Setting>
			</Set>
			<Set Name="AutoTarget">
				<Setting Name="slider_autotarget_scanradius">20</Setting>
				<Setting Name="slider_autotarget_rescantime">236</Setting>
				<Setting Name="slider_autotarget_scanheight">15</Setting>
				<Setting Name="checkbox_autotarget_enabled">FALSE</Setting>
				<Setting Name="checkbox_autotarget_outofcombatscanning">FALSE</Setting>
			</Set>
			<Set Name="Load">
				<Setting Name="checkbox_load_radaroff">FALSE</Setting>
				<Setting Name="checkbox_load_ogreirc">TRUE</Setting>
				<Setting Name="checkbox_load_radaron">FALSE</Setting>
			</Set>
			<Set Name="LoadExecute">
				<Set Name="1">
					<Setting Name="__SourceName">eq2execute /master_volume 0</Setting>
				</Set>
				<Set Name="2">
					<Setting Name="__SourceName">eq2execute /combatbubble_show_third_party_damage false</Setting>
				</Set>
				<Set Name="3">
					<Setting Name="__SourceName">eq2execute /show_combatbubbles false</Setting>
				</Set>
			</Set>
			<Set Name="EquipmentInfo">
				<Setting Name="combobox_equipmentinfo_charmoption1">Item:Sigil of the War Prince</Setting>
				<Setting Name="combobox_equipmentinfo_charmoption2">Item:Ashenfell Stone of Power</Setting>
			</Set>
			<Set Name="HUDs">
				<Setting Name="checkbox_hud_group">TRUE</Setting>
				<Setting Name="checkbox_hud_raid">TRUE</Setting>
			</Set>
			<Set Name="OgreConsole">
				<Setting Name="textentry_ogreconsole_x">35</Setting>
				<Setting Name="textentry_ogreconsole_y">625</Setting>
				<Setting Name="textentry_ogreconsole_width">500</Setting>
				<Setting Name="textentry_ogreconsole_height">150</Setting>
				<Setting Name="checkbox_ogreconsole_hideonload">FALSE</Setting>
				<Setting Name="checkbox_ogreconsole_showonload">TRUE</Setting>
			</Set>
			<Set Name="Items">
				<Set Name="1">
					<Setting Name="__SourceName">Breaded Bogling</Setting>
				</Set>
				<Set Name="2">
					<Setting Name="__SourceName">Candied Needlite</Setting>
				</Set>
				<Set Name="3">
					<Setting Name="__SourceName">Juju Hopling</Setting>
				</Set>
				<Set Name="4">
					<Setting Name="__SourceName">Sanctum Snacks</Setting>
				</Set>
				<Set Name="5">
					<Setting Name="__SourceName">Scepter of Shadows</Setting>
				</Set>
				<Set Name="6">
					<Setting Name="__SourceName">Shar Vahl Sweetart</Setting>
				</Set>
			</Set>
			<Set Name="AbilityResearch">
				<Set Name="1">
					<Setting Name="__SourceName">Untamed Regeneration X</Setting>
					<Setting Name="Ancient">TRUE</Setting>
				</Set>
				<Set Name="2">
					<Setting Name="__SourceName">Hibernation VI</Setting>
					<Setting Name="Ancient">TRUE</Setting>
				</Set>
				<Set Name="3">
					<Setting Name="__SourceName">Abolishment IV</Setting>
					<Setting Name="Ancient">TRUE</Setting>
				</Set>
				<Set Name="4">
					<Setting Name="__SourceName">Fae Fire VIII</Setting>
					<Setting Name="Ancient">TRUE</Setting>
				</Set>
				<Set Name="5">
					<Setting Name="__SourceName">Starnova VIII</Setting>
					<Setting Name="Ancient">TRUE</Setting>
				</Set>
				<Set Name="6">
					<Setting Name="__SourceName">Back into the Fray VI</Setting>
					<Setting Name="Ancient">TRUE</Setting>
				</Set>
				<Set Name="7">
					<Setting Name="__SourceName">Starnova VIII</Setting>
					<Setting Name="Ancient">TRUE</Setting>
				</Set>
				<Set Name="8">
					<Setting Name="__SourceName">Thunderbolt IX</Setting>
					<Setting Name="Ancient">TRUE</Setting>
				</Set>
				<Set Name="9">
					<Setting Name="__SourceName">Tempest XI</Setting>
					<Setting Name="Ancient">TRUE</Setting>
				</Set>
				<Set Name="10">
					<Setting Name="__SourceName">Porcupine VII</Setting>
					<Setting Name="Ancient">TRUE</Setting>
				</Set>
				<Set Name="11">
					<Setting Name="__SourceName">Spirit of the Bat VII</Setting>
					<Setting Name="Ancient">TRUE</Setting>
				</Set>
				<Set Name="12">
					<Setting Name="__SourceName">Death Swarm XI</Setting>
					<Setting Name="Ancient">TRUE</Setting>
				</Set>
				<Set Name="13">
					<Setting Name="__SourceName">Thornskin XI</Setting>
					<Setting Name="Ancient">TRUE</Setting>
				</Set>
				<Set Name="14">
					<Setting Name="__SourceName">Tempest XI</Setting>
					<Setting Name="Ancient">TRUE</Setting>
				</Set>
				<Set Name="15">
					<Setting Name="__SourceName">Regrowth XI</Setting>
					<Setting Name="Ancient">TRUE</Setting>
				</Set>
				<Set Name="16">
					<Setting Name="__SourceName">Glacial Freeze</Setting>
					<Setting Name="Ancient">TRUE</Setting>
				</Set>
				<Set Name="17">
					<Setting Name="__SourceName">Wildfire II</Setting>
					<Setting Name="Ancient">TRUE</Setting>
				</Set>
				<Set Name="18">
					<Setting Name="__SourceName">Thunderbolt IX</Setting>
					<Setting Name="Ancient">TRUE</Setting>
				</Set>
				<Set Name="19">
					<Setting Name="__SourceName">Peerless Predator IX</Setting>
					<Setting Name="Ancient">TRUE</Setting>
				</Set>
				<Set Name="20">
					<Setting Name="__SourceName">Ring of Fire VI</Setting>
					<Setting Name="Ancient">TRUE</Setting>
				</Set>
				<Set Name="21">
					<Setting Name="__SourceName">Forest Spirit IX</Setting>
					<Setting Name="Ancient">TRUE</Setting>
				</Set>
				<Set Name="22">
					<Setting Name="__SourceName">Master of the Hunt IX</Setting>
					<Setting Name="Ancient">TRUE</Setting>
				</Set>
				<Set Name="23">
					<Setting Name="__SourceName">Blistering Waste</Setting>
					<Setting Name="Ancient">TRUE</Setting>
				</Set>
				<Set Name="24">
					<Setting Name="__SourceName">Intimidation X</Setting>
					<Setting Name="Ancient">TRUE</Setting>
				</Set>
				<Set Name="25">
					<Setting Name="__SourceName">Maddening Swarm VII</Setting>
					<Setting Name="Ancient">TRUE</Setting>
				</Set>
				<Set Name="26">
					<Setting Name="__SourceName">Nature's Elixir XI</Setting>
					<Setting Name="Ancient">TRUE</Setting>
				</Set>
				<Set Name="27">
					<Setting Name="__SourceName">Nature's Salve XII</Setting>
					<Setting Name="Ancient">TRUE</Setting>
				</Set>
				<Set Name="28">
					<Setting Name="__SourceName">Feast VIII</Setting>
					<Setting Name="Ancient">TRUE</Setting>
				</Set>
				<Set Name="29">
					<Setting Name="__SourceName">Karana's Hold VIII</Setting>
					<Setting Name="Ancient">TRUE</Setting>
				</Set>
			</Set>
			<Set Name="Overseer">
				<Setting Name="checkbox_overseer_skip_treasured_quests">FALSE</Setting>
			</Set>
			<Set Name="ConsumeItems">
				<Set Name="1">
					<Setting Name="__IsItem">TRUE</Setting>
					<Setting Name="__ItemName">Shar Vahl Sweetart</Setting>
					<Setting Name="__SourceName">Item:Shar Vahl Sweetart</Setting>
					<Setting Name="IC">TRUE</Setting>
				</Set>
				<Set Name="2">
					<Setting Name="__IsItem">TRUE</Setting>
					<Setting Name="__ItemName">Sanctum Snacks</Setting>
					<Setting Name="__SourceName">Item:Sanctum Snacks</Setting>
					<Setting Name="IC">TRUE</Setting>
				</Set>
				<Set Name="3">
					<Setting Name="__IsItem">TRUE</Setting>
					<Setting Name="__ItemName">Breaded Bogling</Setting>
					<Setting Name="__SourceName">Item:Breaded Bogling</Setting>
					<Setting Name="IC">TRUE</Setting>
				</Set>
				<Set Name="4">
					<Setting Name="__IsItem">TRUE</Setting>
					<Setting Name="__ItemName">Candied Needlite</Setting>
					<Setting Name="__SourceName">Item:Candied Needlite</Setting>
					<Setting Name="IC">TRUE</Setting>
				</Set>
				<Set Name="5">
					<Setting Name="__IsItem">TRUE</Setting>
					<Setting Name="__ItemName">Juju Hopling</Setting>
					<Setting Name="__SourceName">Item:Juju Hopling</Setting>
					<Setting Name="IC">TRUE</Setting>
				</Set>
				<Set Name="6">
					<Setting Name="__IsItem">TRUE</Setting>
					<Setting Name="__ItemName">Scepter of Shadows</Setting>
					<Setting Name="__SourceName">Item:Scepter of Shadows</Setting>
					<Setting Name="IC">TRUE</Setting>
				</Set>
			</Set>
			<Set Name="Tags_AddNew">
				<Set Name="1">
					<Setting Name="__SourceName">EmNat</Setting>
				</Set>
			</Set>
			<Set Name="Tags">
				<Set Name="1">
					<Setting Name="__SourceName">EmNat</Setting>
					<Setting Name="Dur">18.4</Setting>
				</Set>
			</Set>
		</Set>
	</Set>
</InnerSpaceSettings>
