﻿<?xml version='1.0' encoding='UTF-8'?>
<!-- Generated by LavishSettings v2 -->
<InnerSpaceSettings>
	<Set Name="Profiles">
		<Setting Name="DefaultProfiles">Jiimbo_ros</Setting>
		<Set Name="Jiimbo_ros">
			<Set Name="Settings">
				<Setting Name="checkbox_settings_buffs">TRUE</Setting>
				<Setting Name="checkbox_settings_combatarts">TRUE</Setting>
				<Setting Name="checkbox_settings_namedcombatarts">TRUE</Setting>
				<Setting Name="checkbox_settings_rangedattack">FALSE</Setting>
				<Setting Name="checkbox_settings_autoattacktiming">FALSE</Setting>
				<Setting Name="checkbox_settings_meleeattack">TRUE</Setting>
				<Setting Name="checkbox_settings_ignoretargettoattackhealthcheck">TRUE</Setting>
				<Setting Name="checkbox_settings_loot">FALSE</Setting>
				<Setting Name="checkbox_settings_acceptloot">TRUE</Setting>
				<Setting Name="checkbox_settings_acceptres">TRUE</Setting>
				<Setting Name="checkbox_settings_prioritytab">TRUE</Setting>
				<Setting Name="checkbox_settings_acceptinvites">TRUE</Setting>
				<Setting Name="checkbox_settings_enablealiases">TRUE</Setting>
				<Setting Name="checkbox_settings_enableogremcp">FALSE</Setting>
				<Setting Name="checkbox_settings_enableonscreenassistant">FALSE</Setting>
				<Setting Name="checkbox_settings_enableannouncetab">TRUE</Setting>
				<Setting Name="checkbox_settings_raidoptions">TRUE</Setting>
				<Setting Name="checkbox_settings_grindoptions">TRUE</Setting>
				<Setting Name="checkbox_settings_encountersmartnukes">TRUE</Setting>
				<Setting Name="checkbox_settings_aesmartnukes">TRUE</Setting>
				<Setting Name="checkbox_settings_autotargetwhenhated">TRUE</Setting>
				<Setting Name="checkbox_settings_res">TRUE</Setting>
				<Setting Name="checkbox_settings_dopowerheals">TRUE</Setting>
				<Setting Name="checkbox_settings_assist">TRUE</Setting>
				<Setting Name="checkbox_settings_autofollow">TRUE</Setting>
				<Setting Name="checkbox_settings_chaintab">TRUE</Setting>
				<Setting Name="checkbox_settings_movetoarea">TRUE</Setting>
				<Setting Name="checkbox_settings_doho">FALSE</Setting>
				<Setting Name="checkbox_settings_facenpc">TRUE</Setting>
				<Setting Name="checkbox_settings_turnoffattack">TRUE</Setting>
				<Setting Name="checkbox_settings_mobpriestinfo">FALSE</Setting>
				<Setting Name="checkbox_settings_forcenamedcatab">TRUE</Setting>
				<Setting Name="checkbox_settings_acceptdungeonfinderisready">TRUE</Setting>
				<Setting Name="checkbox_settings_movebehind">FALSE</Setting>
				<Setting Name="checkbox_settings_moveinfront">FALSE</Setting>
				<Setting Name="checkbox_settings_disablecaststack_namedca">FALSE</Setting>
				<Setting Name="checkbox_settings_autospend_deitypoints">TRUE</Setting>
				<Setting Name="checkbox_settings_autocomplete_ascensioncombos">FALSE</Setting>
				<Setting Name="checkbox_settings_handle_hq_earring">TRUE</Setting>
				<Setting Name="checkbox_settings_summon_familiar">TRUE</Setting>
				<Setting Name="checkbox_settings_autospend_skipcb">FALSE</Setting>
				<Setting Name="checkbox_settings_autospend_skipstamina">TRUE</Setting>
				<Setting Name="checkbox_settings_disableabilitycollisionchecks">TRUE</Setting>
				<Setting Name="checkbox_settings_autospend_skippotency">TRUE</Setting>
				<Setting Name="checkbox_settings_ascension_embargo_and_combos">TRUE</Setting>
				<Setting Name="checkbox_settings_ignoremovetoattackhealthcheck">TRUE</Setting>
				<Setting Name="checkbox_settings_movemelee">FALSE</Setting>
				<Setting Name="checkbox_settings_acceptnochoicerewards">TRUE</Setting>
				<Setting Name="checkbox_settings_enable_abilityrotate">TRUE</Setting>
				<Setting Name="checkbox_settings_disablecaststack_nameddebuff">FALSE</Setting>
				<Setting Name="checkbox_settings_globally_mute_abilityrotation">TRUE</Setting>
				<Setting Name="checkbox_settings_disable_cd_t4_weapons">TRUE</Setting>
				<Setting Name="checkbox_settings_accept_zonein_confirmation">TRUE</Setting>
				<Setting Name="checkbox_settings_dov_raid_debuff">TRUE</Setting>
				<Setting Name="checkbox_settings_skipcutscenes">TRUE</Setting>
				<Setting Name="checkbox_settings_acceptraidreadychecks">TRUE</Setting>
				<Setting Name="checkbox_settings_no_overseer">TRUE</Setting>
				<Setting Name="checkbox_settings_auto_use_temporary_mount_reduction">TRUE</Setting>
				<Setting Name="checkbox_settings_auto_use_temporary_research_reduction">TRUE</Setting>
				<Setting Name="checkbox_settings_auto_use_temporary_familiar_experience">TRUE</Setting>
			</Set>
			<Set Name="Setup">
				<Setting Name="textentry_setup_percenttoattack">99</Setting>
				<Setting Name="textentry_setup_moveintoattackrangehealthpercent">99</Setting>
				<Setting Name="textentry_setup_petpercenttoattack">97</Setting>
				<Setting Name="textentry_setup_powertousecas">1</Setting>
				<Setting Name="textentry_setup_healthtousecas">1</Setting>
				<Setting Name="textentry_setup_percenttousemanastone">10</Setting>
				<Setting Name="textentry_setup_percenttouseshards">10</Setting>
				<Setting Name="textentry_setup_reswaittimer">2</Setting>
				<Setting Name="checkbox_setup_broadcasttellstouplink">FALSE</Setting>
				<Setting Name="checkbox_setup_receivetellsfromuplink">FALSE</Setting>
				<Setting Name="combobox_setup_autofollowname">@Tank</Setting>
				<Setting Name="textentry_setup_moveintomeleerangemaxdistance">60</Setting>
				<Setting Name="textentry_setup_autofollowmaxdistance">60</Setting>
				<Setting Name="textentry_setup_spellrangeextender" />
				<Setting Name="textentry_setup_pbaetargets">2</Setting>
				<Setting Name="textentry_setup_encountertargets">2</Setting>
				<Setting Name="checkbox_setup_broadcastguildtouplink">FALSE</Setting>
				<Setting Name="checkbox_setup_playsoundonreceivetellsfromuplink">FALSE</Setting>
			</Set>
			<Set Name="Aliases">
				<Set Name="1">
					<Setting Name="__SourceName">*tank</Setting>
					<Setting Name="For">Ragnorocke</Setting>
				</Set>
			</Set>
			<Set Name="CastStack">
				<Set Name="1">
					<Setting Name="__SourceName">Void Mastery</Setting>
					<Setting Name="Type">Buff</Setting>
				</Set>
				<Set Name="2">
					<Setting Name="__SourceName">Summon: Pariah of Bertoxxulous</Setting>
					<Setting Name="Type">Buff</Setting>
				</Set>
				<Set Name="3">
					<Setting Name="__SourceName">Oblivion Link</Setting>
					<Setting Name="Target">@Enchanter</Setting>
					<Setting Name="Type">Buff</Setting>
				</Set>
				<Set Name="4">
					<Setting Name="__SourceName">Grasp of Bertoxxulous</Setting>
					<Setting Name="Target">*tank</Setting>
					<Setting Name="Type">Buff</Setting>
				</Set>
				<Set Name="5">
					<Setting Name="__SourceName">Grasp of Bertoxxulous</Setting>
					<Setting Name="Target">@Me</Setting>
					<Setting Name="Type">Buff</Setting>
				</Set>
				<Set Name="6">
					<Setting Name="__SourceName">Grasp of Bertoxxulous</Setting>
					<Setting Name="Target">@Bard</Setting>
					<Setting Name="Type">Buff</Setting>
				</Set>
				<Set Name="7">
					<Setting Name="__SourceName">Grasp of Bertoxxulous</Setting>
					<Setting Name="Target">@Enchanter</Setting>
					<Setting Name="Type">Buff</Setting>
				</Set>
				<Set Name="8">
					<Setting Name="__SourceName">Boon of the Damned</Setting>
					<Setting Name="Target">*tank</Setting>
					<Setting Name="Type">Buff</Setting>
				</Set>
				<Set Name="9">
					<Setting Name="__SourceName">Acid Rain</Setting>
					<Setting Name="Type">Buff</Setting>
				</Set>
				<Set Name="10">
					<Setting Name="__SourceName">Dark Pact</Setting>
					<Setting Name="Type">Buff</Setting>
				</Set>
				<Set Name="11">
					<Setting Name="__SourceName">Loyal Zelniak Companion</Setting>
					<Setting Name="Type">Buff</Setting>
				</Set>
				<Set Name="12">
					<Setting Name="__SourceName">Magi's Shielding</Setting>
					<Setting Name="Type">Buff</Setting>
				</Set>
				<Set Name="13">
					<Setting Name="__SourceName">Mystical Overflow</Setting>
					<Setting Name="Type">Buff</Setting>
				</Set>
				<Set Name="14">
					<Setting Name="__SourceName">Static Shield</Setting>
					<Setting Name="Type">Buff</Setting>
				</Set>
				<Set Name="15">
					<Setting Name="__SourceName">Nullmail</Setting>
					<Setting Name="Type">Buff</Setting>
				</Set>
				<Set Name="16">
					<Setting Name="__SourceName">Sanguine Embrace</Setting>
					<Setting Name="Type">Buff</Setting>
				</Set>
				<Set Name="17">
					<Setting Name="__SourceName">Propagation</Setting>
					<Setting Name="Type">Buff</Setting>
				</Set>
				<Set Name="18">
					<Setting Name="__SourceName">Devoted Shadeweaver Sidekick</Setting>
					<Setting Name="Type">Buff</Setting>
				</Set>
				<Set Name="19">
					<Setting Name="__SourceName">Ward of Sages</Setting>
					<Setting Name="Type">Buff</Setting>
				</Set>
				<Set Name="20">
					<Setting Name="__SourceName">Guild Buff</Setting>
					<Setting Name="Type">NonCombatBuff</Setting>
				</Set>
				<Set Name="21">
					<Setting Name="__SourceName">Scaled Protection</Setting>
					<Setting Name="Type">Buff</Setting>
				</Set>
				<Set Name="22">
					<Setting Name="__SourceName">Undeath</Setting>
					<Setting Name="Type">Buff</Setting>
				</Set>
				<Set Name="23">
					<Setting Name="#">2</Setting>
					<Setting Name="__SourceName">Caustic Detonation</Setting>
					<Setting Name="MAX">TRUE</Setting>
					<Setting Name="Type">CA</Setting>
				</Set>
				<Set Name="24">
					<Setting Name="__SourceName">Toxic Assault</Setting>
					<Setting Name="MAX">TRUE</Setting>
					<Setting Name="Type">NamedCA</Setting>
				</Set>
				<Set Name="25">
					<Setting Name="__SourceName">Gift of Bertoxxulous</Setting>
					<Setting Name="ID">TRUE</Setting>
					<Setting Name="Target">@Me</Setting>
					<Setting Name="Type">Combat</Setting>
				</Set>
				<Set Name="26">
					<Setting Name="__SourceName">Netherealm</Setting>
					<Setting Name="Target">@Me</Setting>
					<Setting Name="Type">Combat</Setting>
				</Set>
				<Set Name="27">
					<Setting Name="__SourceName">Curse of Void</Setting>
					<Setting Name="ID">TRUE</Setting>
					<Setting Name="Type">Debuff</Setting>
				</Set>
				<Set Name="28">
					<Setting Name="__SourceName">Skull Focii</Setting>
					<Setting Name="IAE">TRUE</Setting>
					<Setting Name="ID">TRUE</Setting>
					<Setting Name="Type">CA</Setting>
				</Set>
				<Set Name="29">
					<Setting Name="__SourceName">Netherlord</Setting>
					<Setting Name="ID">TRUE</Setting>
					<Setting Name="Type">CA</Setting>
				</Set>
				<Set Name="30">
					<Setting Name="__SourceName">Occult Bolt</Setting>
					<Setting Name="Type">CA</Setting>
				</Set>
				<Set Name="31">
					<Setting Name="__SourceName">Toxic Life</Setting>
					<Setting Name="Named">TRUE</Setting>
					<Setting Name="Type">NamedCA</Setting>
				</Set>
				<Set Name="32">
					<Setting Name="#">1</Setting>
					<Setting Name="__SourceName">Withering</Setting>
					<Setting Name="ID">TRUE</Setting>
					<Setting Name="Type">NamedCA</Setting>
				</Set>
				<Set Name="33">
					<Setting Name="__SourceName">Draw from the Void</Setting>
					<Setting Name="Tag">OPAsFuck</Setting>
					<Setting Name="Type">NamedCA</Setting>
				</Set>
				<Set Name="34">
					<Setting Name="__SourceName">Sanguine Sacrifice</Setting>
					<Setting Name="ID">TRUE</Setting>
					<Setting Name="Type">NamedCA</Setting>
				</Set>
				<Set Name="35">
					<Setting Name="__SourceName">Aura of Void</Setting>
					<Setting Name="ID">TRUE</Setting>
					<Setting Name="Type">CA</Setting>
				</Set>
				<Set Name="36">
					<Setting Name="__SourceName">Desiccation</Setting>
					<Setting Name="ID">TRUE</Setting>
					<Setting Name="IE">TRUE</Setting>
					<Setting Name="Type">NamedCA</Setting>
				</Set>
				<Set Name="37">
					<Setting Name="__SourceName">Catalyst</Setting>
					<Setting Name="ID">TRUE</Setting>
					<Setting Name="Target">@Me</Setting>
					<Setting Name="Type">Combat</Setting>
				</Set>
				<Set Name="38">
					<Setting Name="__SourceName">Freehand Sorcery</Setting>
					<Setting Name="ID">TRUE</Setting>
					<Setting Name="Target">@Me</Setting>
					<Setting Name="Type">Combat</Setting>
				</Set>
				<Set Name="39">
					<Setting Name="__SourceName">Focused Casting</Setting>
					<Setting Name="ID">TRUE</Setting>
					<Setting Name="Target">@Me</Setting>
					<Setting Name="Type">Combat</Setting>
				</Set>
				<Set Name="40">
					<Setting Name="__SourceName">Cataclysm</Setting>
					<Setting Name="Type">CA</Setting>
					<Setting Name="#">1</Setting>
					<Setting Name="ID">TRUE</Setting>
				</Set>
				<Set Name="41">
					<Setting Name="#">1</Setting>
					<Setting Name="__SourceName">Decimation</Setting>
					<Setting Name="ID">TRUE</Setting>
					<Setting Name="IE">TRUE</Setting>
					<Setting Name="Type">CA</Setting>
				</Set>
				<Set Name="42">
					<Setting Name="#">1</Setting>
					<Setting Name="__SourceName">Rift</Setting>
					<Setting Name="Type">CA</Setting>
				</Set>
				<Set Name="43">
					<Setting Name="__SourceName">Concussive Blast</Setting>
					<Setting Name="IE">TRUE</Setting>
					<Setting Name="Type">CA</Setting>
				</Set>
				<Set Name="44">
					<Setting Name="__SourceName">Plaguebringer</Setting>
					<Setting Name="Type">CA</Setting>
					<Setting Name="ID">TRUE</Setting>
				</Set>
				<Set Name="45">
					<Setting Name="__SourceName">Anti-Life</Setting>
					<Setting Name="IE">TRUE</Setting>
					<Setting Name="Named">TRUE</Setting>
					<Setting Name="Type">NamedCA</Setting>
					<Setting Name="#">1</Setting>
				</Set>
				<Set Name="46">
					<Setting Name="__SourceName">Ethernere Chains</Setting>
					<Setting Name="Type">CA</Setting>
				</Set>
				<Set Name="47">
					<Setting Name="#">1</Setting>
					<Setting Name="__SourceName">Dark Aggravation</Setting>
					<Setting Name="Type">CA</Setting>
				</Set>
				<Set Name="48">
					<Setting Name="__SourceName">Unda Arcanus Spiritus</Setting>
					<Setting Name="Type">CA</Setting>
				</Set>
				<Set Name="49">
					<Setting Name="__SourceName">Dark Infestation</Setting>
					<Setting Name="ID">TRUE</Setting>
					<Setting Name="Type">CA</Setting>
				</Set>
				<Set Name="50">
					<Setting Name="__SourceName">Revocation of Life</Setting>
					<Setting Name="Type">CA</Setting>
				</Set>
				<Set Name="51">
					<Setting Name="__SourceName">Dark Siphoning</Setting>
					<Setting Name="IE">TRUE</Setting>
					<Setting Name="Type">CA</Setting>
				</Set>
				<Set Name="52">
					<Setting Name="__SourceName">Occult Bolt</Setting>
					<Setting Name="Type">CA</Setting>
				</Set>
				<Set Name="53">
					<Setting Name="__SourceName">Thunderclap</Setting>
					<Setting Name="Type">CA</Setting>
				</Set>
				<Set Name="54">
					<Setting Name="__SourceName">Blood Contract</Setting>
					<Setting Name="Type">NamedCA</Setting>
				</Set>
				<Set Name="55">
					<Setting Name="__SourceName">Bloatfly</Setting>
					<Setting Name="ID">TRUE</Setting>
					<Setting Name="IE">TRUE</Setting>
					<Setting Name="Named">TRUE</Setting>
					<Setting Name="Type">NamedCA</Setting>
				</Set>
				<Set Name="56">
					<Setting Name="__SourceName">Septic Strike</Setting>
					<Setting Name="Named">TRUE</Setting>
					<Setting Name="Type">NamedCA</Setting>
				</Set>
				<Set Name="57">
					<Setting Name="__SourceName">Virulent Outbreak</Setting>
					<Setting Name="ID">TRUE</Setting>
					<Setting Name="IE">TRUE</Setting>
					<Setting Name="Named">TRUE</Setting>
					<Setting Name="Type">NamedCA</Setting>
				</Set>
				<Set Name="58">
					<Setting Name="__SourceName">Blood Contract</Setting>
					<Setting Name="ID">TRUE</Setting>
					<Setting Name="Named">TRUE</Setting>
					<Setting Name="Type">NamedCA</Setting>
				</Set>
				<Set Name="59">
					<Setting Name="__SourceName">Arcane Bewilderment</Setting>
					<Setting Name="Type">CA</Setting>
				</Set>
				<Set Name="60">
					<Setting Name="__SourceName">Absolution</Setting>
					<Setting Name="IE">TRUE</Setting>
					<Setting Name="Type">CA</Setting>
				</Set>
				<Set Name="61">
					<Setting Name="__SourceName">Distortion</Setting>
					<Setting Name="Type">CA</Setting>
				</Set>
				<Set Name="62">
					<Setting Name="__SourceName">Dark Aggravation</Setting>
					<Setting Name="IAE">TRUE</Setting>
					<Setting Name="Type">CA</Setting>
				</Set>
				<Set Name="63">
					<Setting Name="__SourceName">Blast of Devastation</Setting>
					<Setting Name="Type">CA</Setting>
				</Set>
				<Set Name="64">
					<Setting Name="__SourceName">Dark Siphoning</Setting>
					<Setting Name="ID">TRUE</Setting>
					<Setting Name="IE">TRUE</Setting>
					<Setting Name="Type">CA</Setting>
				</Set>
				<Set Name="65">
					<Setting Name="__SourceName">Concussive Blast</Setting>
					<Setting Name="Type">CA</Setting>
				</Set>
				<Set Name="66">
					<Setting Name="__SourceName">Dark Pyre</Setting>
					<Setting Name="Type">CA</Setting>
				</Set>
				<Set Name="67">
					<Setting Name="__SourceName">Aura of Void</Setting>
					<Setting Name="Type">CA</Setting>
				</Set>
				<Set Name="68">
					<Setting Name="__SourceName">Flames of Velious</Setting>
					<Setting Name="Type">CA</Setting>
				</Set>
				<Set Name="69">
					<Setting Name="__SourceName">Acid</Setting>
					<Setting Name="Type">CA</Setting>
				</Set>
				<Set Name="70">
					<Setting Name="__SourceName">Dark Infestation</Setting>
					<Setting Name="Type">CA</Setting>
				</Set>
				<Set Name="71">
					<Setting Name="__SourceName">Cataclysm</Setting>
					<Setting Name="IAE">TRUE</Setting>
					<Setting Name="Type">CA</Setting>
				</Set>
				<Set Name="72">
					<Setting Name="__SourceName">Encase</Setting>
					<Setting Name="Type">CA</Setting>
				</Set>
				<Set Name="73">
					<Setting Name="__SourceName">Acid Storm</Setting>
					<Setting Name="Type">CA</Setting>
				</Set>
			</Set>
			<Set Name="AbilityRotation">
				<Set Name="1">
					<Setting Name="-">10</Setting>
					<Setting Name="__SourceName">Glacial Freeze</Setting>
					<Setting Name="IRC">TRUE</Setting>
				</Set>
				<Set Name="2">
					<Setting Name="-">10</Setting>
					<Setting Name="__SourceName">Skull Focii</Setting>
					<Setting Name="I">TRUE</Setting>
					<Setting Name="Me">TRUE</Setting>
				</Set>
				<Set Name="3">
					<Setting Name="__SourceName">Brittle Armor</Setting>
					<Setting Name="IRC">TRUE</Setting>
				</Set>
				<Set Name="4">
					<Setting Name="__SourceName">Aura of Void</Setting>
					<Setting Name="Dur">31</Setting>
					<Setting Name="I">TRUE</Setting>
					<Setting Name="Me">TRUE</Setting>
				</Set>
				<Set Name="5">
					<Setting Name="__SourceName">Dark Infestation</Setting>
					<Setting Name="Dur">31</Setting>
					<Setting Name="I">TRUE</Setting>
					<Setting Name="Me">TRUE</Setting>
				</Set>
				<Set Name="6">
					<Setting Name="__SourceName">Eternal Damnation</Setting>
					<Setting Name="Dur">31</Setting>
					<Setting Name="I">TRUE</Setting>
					<Setting Name="Me">TRUE</Setting>
				</Set>
				<Set Name="7">
					<Setting Name="__SourceName">Curse of Void</Setting>
					<Setting Name="Dur">31</Setting>
					<Setting Name="I">TRUE</Setting>
					<Setting Name="Me">TRUE</Setting>
				</Set>
				<Set Name="8">
					<Setting Name="__SourceName">Toxic Life</Setting>
					<Setting Name="G">TRUE</Setting>
				</Set>
				<Set Name="9">
					<Setting Name="__SourceName">Withering</Setting>
					<Setting Name="IRC">TRUE</Setting>
				</Set>
			</Set>
			<Set Name="Assist">
				<Set Name="1">
					<Setting Name="__SourceName">@Tank</Setting>
				</Set>
				<Set Name="2">
					<Setting Name="__SourceName">@DPS2</Setting>
				</Set>
			</Set>
			<Set Name="Precast">
				<Set Name="1">
					<Setting Name="__SourceName">Spellbind</Setting>
					<Setting Name="On">Toxic Assault</Setting>
				</Set>
				<Set Name="2">
					<Setting Name="__SourceName">Spellbind</Setting>
					<Setting Name="On">Rift</Setting>
				</Set>
				<Set Name="3">
					<Setting Name="__SourceName">Spellbind</Setting>
					<Setting Name="On">Unda Arcanus Spiritus</Setting>
				</Set>
				<Set Name="4">
					<Setting Name="__SourceName">Focused Casting</Setting>
					<Setting Name="On">Plaguebringer</Setting>
				</Set>
				<Set Name="5">
					<Setting Name="__SourceName">Focused Casting</Setting>
					<Setting Name="On">Toxic Assault</Setting>
				</Set>
				<Set Name="6">
					<Setting Name="__SourceName">Focused Casting</Setting>
					<Setting Name="On">Cataclysm</Setting>
				</Set>
				<Set Name="7">
					<Setting Name="__SourceName">Freehand Sorcery</Setting>
					<Setting Name="On">Apocalypse</Setting>
				</Set>
				<Set Name="8">
					<Setting Name="__SourceName">Freehand Sorcery</Setting>
					<Setting Name="On">Toxic Assault</Setting>
				</Set>
				<Set Name="9">
					<Setting Name="__SourceName">Freehand Sorcery</Setting>
					<Setting Name="On">Unda Arcanus Spiritus</Setting>
				</Set>
				<Set Name="10">
					<Setting Name="__SourceName">Freehand Sorcery</Setting>
					<Setting Name="On">Rift</Setting>
				</Set>
			</Set>
			<Set Name="Postcast">
				<Set Name="1">
					<Setting Name="__SourceName">Dark Pyre</Setting>
					<Setting Name="After">Ethernere Chains</Setting>
				</Set>
				<Set Name="2">
					<Setting Name="__SourceName">Distortion</Setting>
					<Setting Name="After">Plaguebringer</Setting>
				</Set>
			</Set>
			<Set Name="Loot">
				<Setting Name="checkbox_loot_ffaaccept">TRUE</Setting>
				<Setting Name="checkbox_loot_confirmnotrade">TRUE</Setting>
				<Setting Name="checkbox_loot_ffalooteverything">FALSE</Setting>
				<Setting Name="checkbox_loot_lo_enable">TRUE</Setting>
				<Setting Name="checkbox_loot_lo_looteverything">FALSE</Setting>
				<Setting Name="checkbox_loot_lo_adepts">TRUE</Setting>
				<Setting Name="checkbox_loot_lo_masters">TRUE</Setting>
				<Setting Name="checkbox_loot_lo_ancients">TRUE</Setting>
				<Setting Name="checkbox_loot_lo_illegiblescrolls">TRUE</Setting>
				<Setting Name="checkbox_loot_lo_loottradables">TRUE</Setting>
				<Setting Name="checkbox_loot_lo_smartassign">TRUE</Setting>
			</Set>
			<Set Name="OSA">
				<Setting Name="slider_osa_radius">51</Setting>
				<Setting Name="textentry_osa_radius">51</Setting>
				<Setting Name="checkbox_osa_targetsonly">TRUE</Setting>
			</Set>
			<Set Name="Announce">
				<Set Name="1">
					<Setting Name="__SourceName">Dominion of Fire</Setting>
					<Setting Name="Target">Execute In Console</Setting>
					<Setting Name="Txt">OgreBotAPI:CastAbilityOnPlayer_Relay[enchanter, Temporal Mimicry, Lilahh]</Setting>
				</Set>
				<Set Name="2">
					<Setting Name="__SourceName">Cataclysm</Setting>
					<Setting Name="Target">Execute In Console</Setting>
					<Setting Name="Txt">OgreBotAPI:CastAbilityOnPlayer_Relay[enchanter, Temporal Mimicry, Lilahh]</Setting>
				</Set>
				<Set Name="3">
					<Setting Name="__SourceName">Wildfire</Setting>
					<Setting Name="Target">Execute In Console</Setting>
					<Setting Name="Txt">OgreBotAPI:CastAbilityOnPlayer_Relay[enchanter, Timelord, Lilahh]</Setting>
				</Set>
			</Set>
			<Set Name="AutoHunt">
				<Setting Name="checkbox_autohunt_looppath">TRUE</Setting>
				<Setting Name="checkbox_autohunt_autohunt">FALSE</Setting>
				<Setting Name="textentry_autohunt_scanradius">25</Setting>
			</Set>
			<Set Name="Other">
				<Setting Name="combobox_other_curabledisable">NULL</Setting>
				<Setting Name="checkbox_other_curabledisable">FALSE</Setting>
				<Setting Name="checkbox_other_requestconfrontfearviauplink">TRUE</Setting>
				<Setting Name="checkbox_other_requestconfrontfearviagroup">TRUE</Setting>
				<Setting Name="checkbox_other_requestconfrontfearviaraid">TRUE</Setting>
				<Setting Name="textentry_other_requestconfrontfearviagroup">Need a confront fear</Setting>
				<Setting Name="textentry_other_requestconfrontfearviaraid">Need a confront fear</Setting>
			</Set>
			<Set Name="Warlock">
				<Setting Name="checkbox_warlock_darkaggravation">TRUE</Setting>
				<Setting Name="checkbox_warlock_darkaggravationdetcheck">TRUE</Setting>
				<Setting Name="checkbox_warlock_darkaggravationnamecheck">TRUE</Setting>
				<Setting Name="checkbox_warlock_myth">TRUE</Setting>
			</Set>
			<Set Name="Inquisitor">
				<Setting Name="checkbox_inquisitor_verdictepics">FALSE</Setting>
				<Setting Name="checkbox_inquisitor_verdictepicnamedonly">FALSE</Setting>
				<Setting Name="checkbox_inquisitor_verdictheroics">FALSE</Setting>
				<Setting Name="checkbox_inquisitor_verdictheroicnamedonly">FALSE</Setting>
			</Set>
			<Set Name="Debug">
				<Setting Name="checkbox_debug_casting">FALSE</Setting>
				<Setting Name="checkbox_debug_castingdetails">FALSE</Setting>
				<Setting Name="checkbox_debug_whatisthebotdoing">FALSE</Setting>
			</Set>
			<Set Name="AutoTarget">
				<Setting Name="checkbox_autotarget_enabled">FALSE</Setting>
				<Setting Name="slider_autotarget_scanradius">30</Setting>
				<Setting Name="slider_autotarget_rescantime">30</Setting>
				<Setting Name="slider_autotarget_scanheight">20</Setting>
				<Setting Name="checkbox_autotarget_outofcombatscanning">FALSE</Setting>
			</Set>
			<Set Name="Load">
				<Setting Name="checkbox_load_radaroff">TRUE</Setting>
				<Setting Name="checkbox_load_ogreirc">TRUE</Setting>
			</Set>
			<Set Name="LoadExecute">
				<Set Name="1">
					<Setting Name="__SourceName">eq2execute ics_playercombatautoface 0</Setting>
				</Set>
			</Set>
			<Set Name="OgreConsole">
				<Setting Name="textentry_ogreconsole_x">0</Setting>
				<Setting Name="textentry_ogreconsole_y">5</Setting>
				<Setting Name="textentry_ogreconsole_width">400</Setting>
				<Setting Name="textentry_ogreconsole_height">177</Setting>
				<Setting Name="checkbox_ogreconsole_neverautoopen">FALSE</Setting>
				<Setting Name="checkbox_ogreconsole_hideonload">TRUE</Setting>
			</Set>
			<Set Name="Ascension">
				<Setting Name="checkbox_ascension_glacialfreeze_announce">TRUE</Setting>
				<Setting Name="checkbox_ascension_glacialfreeze_announce_onlyifinraid">TRUE</Setting>
				<Setting Name="checkbox_ascension_glacialfreeze_announce_toirc">TRUE</Setting>
				<Setting Name="textentry_ascensionembargo_embargotime">1</Setting>
				<Setting Name="checkbox_ascension_glacialfreeze_noraidcomboing">TRUE</Setting>
				<Setting Name="checkbox_ascension_etherflash_preventport">TRUE</Setting>
			</Set>
			<Set Name="AscensionList">
				<Set Name="1">
					<Setting Name="__SourceName">30</Setting>
				</Set>
				<Set Name="2">
					<Setting Name="__SourceName">7</Setting>
				</Set>
			</Set>
			<Set Name="Items">
				<Set Name="1">
					<Setting Name="__SourceName">Blade of Shadowed Strife</Setting>
				</Set>
				<Set Name="2">
					<Setting Name="__SourceName">Bolstered Manafused Cover</Setting>
				</Set>
				<Set Name="3">
					<Setting Name="__SourceName">Crown of Hatred</Setting>
				</Set>
				<Set Name="4">
					<Setting Name="__SourceName">Dauntless Cure Arcane</Setting>
				</Set>
				<Set Name="5">
					<Setting Name="__SourceName">Dauntless Cure Elemental</Setting>
				</Set>
				<Set Name="6">
					<Setting Name="__SourceName">Dauntless Cure Noxious</Setting>
				</Set>
				<Set Name="7">
					<Setting Name="__SourceName">Dauntless Cure Trauma</Setting>
				</Set>
				<Set Name="8">
					<Setting Name="__SourceName">Forceful Trinket of Heroic Will</Setting>
				</Set>
				<Set Name="9">
					<Setting Name="__SourceName">Liquefied Raw Magic</Setting>
				</Set>
				<Set Name="10">
					<Setting Name="__SourceName">Planar Manafused Cover</Setting>
				</Set>
				<Set Name="11">
					<Setting Name="__SourceName">Prophetic Manafused Cover</Setting>
				</Set>
				<Set Name="12">
					<Setting Name="__SourceName">Visage of Torment</Setting>
				</Set>
				<Set Name="13">
					<Setting Name="__SourceName">_EQUIPPED_Head_03</Setting>
				</Set>
				<Set Name="14">
					<Setting Name="__SourceName">_EQUIPPED_Left Charm_21</Setting>
				</Set>
				<Set Name="15">
					<Setting Name="__SourceName">_EQUIPPED_Right Charm_22</Setting>
				</Set>
			</Set>
			<Set Name="Overseer">
				<Setting Name="checkbox_overseer_skip_mishap">TRUE</Setting>
			</Set>
		</Set>
	</Set>
</InnerSpaceSettings>
