﻿<?xml version='1.0' encoding='UTF-8'?>
<!-- Generated by LavishSettings v2 -->
<InnerSpaceSettings>
	<Set Name="Profiles">
		<Setting Name="DefaultProfiles">Jiimbo_fury</Setting>
		<Set Name="Fury">
			<Set Name="Settings">
				<Setting Name="checkbox_settings_buffs">TRUE</Setting>
				<Setting Name="checkbox_settings_combatarts">TRUE</Setting>
				<Setting Name="checkbox_settings_namedcombatarts">TRUE</Setting>
				<Setting Name="checkbox_settings_rangedattack">FALSE</Setting>
				<Setting Name="checkbox_settings_autoattacktiming">FALSE</Setting>
				<Setting Name="checkbox_settings_meleeattack">TRUE</Setting>
				<Setting Name="checkbox_settings_ignoretargettoattackhealthcheck">TRUE</Setting>
				<Setting Name="checkbox_settings_loot">FALSE</Setting>
				<Setting Name="checkbox_settings_acceptloot">TRUE</Setting>
				<Setting Name="checkbox_settings_acceptres">TRUE</Setting>
				<Setting Name="checkbox_settings_prioritytab">TRUE</Setting>
				<Setting Name="checkbox_settings_acceptinvites">TRUE</Setting>
				<Setting Name="checkbox_settings_enablealiases">TRUE</Setting>
				<Setting Name="checkbox_settings_enableogremcp">FALSE</Setting>
				<Setting Name="checkbox_settings_enableonscreenassistant">FALSE</Setting>
				<Setting Name="checkbox_settings_enableannouncetab">TRUE</Setting>
				<Setting Name="checkbox_settings_raidoptions">FALSE</Setting>
				<Setting Name="checkbox_settings_grindoptions">TRUE</Setting>
				<Setting Name="checkbox_settings_encountersmartnukes">TRUE</Setting>
				<Setting Name="checkbox_settings_aesmartnukes">TRUE</Setting>
				<Setting Name="checkbox_settings_autotargetwhenhated">TRUE</Setting>
				<Setting Name="checkbox_settings_res">TRUE</Setting>
				<Setting Name="checkbox_settings_dopowerheals">TRUE</Setting>
				<Setting Name="checkbox_settings_assist">TRUE</Setting>
				<Setting Name="checkbox_settings_autofollow">FALSE</Setting>
				<Setting Name="checkbox_settings_chaintab">TRUE</Setting>
				<Setting Name="checkbox_settings_movetoarea">TRUE</Setting>
				<Setting Name="checkbox_settings_doho">FALSE</Setting>
				<Setting Name="checkbox_settings_facenpc">TRUE</Setting>
				<Setting Name="checkbox_settings_turnoffattack">TRUE</Setting>
				<Setting Name="checkbox_settings_cancelabilitiestogroupcure">TRUE</Setting>
				<Setting Name="checkbox_settings_disablecaststack_buffs">FALSE</Setting>
				<Setting Name="checkbox_settings_autospend_deitypoints">TRUE</Setting>
				<Setting Name="checkbox_settings_acceptdungeonfinderisready">TRUE</Setting>
				<Setting Name="checkbox_settings_disablecaststack_heal">FALSE</Setting>
				<Setting Name="checkbox_settings_disablecaststack_combat">FALSE</Setting>
				<Setting Name="checkbox_settings_autocomplete_ascensioncombos">FALSE</Setting>
				<Setting Name="checkbox_settings_handle_hq_earring">TRUE</Setting>
				<Setting Name="checkbox_settings_forcenamedcatab">FALSE</Setting>
				<Setting Name="checkbox_settings_autospend_skipcb">FALSE</Setting>
				<Setting Name="checkbox_settings_autospend_skipstamina">TRUE</Setting>
				<Setting Name="checkbox_settings_disableabilitycollisionchecks">FALSE</Setting>
				<Setting Name="checkbox_settings_autospend_skippotency">TRUE</Setting>
				<Setting Name="checkbox_settings_movebehind">FALSE</Setting>
				<Setting Name="checkbox_settings_accept_zonein_confirmation">TRUE</Setting>
				<Setting Name="checkbox_settings_disablecaststack_cure">FALSE</Setting>
				<Setting Name="checkbox_settings_ascension_embargo_and_combos">FALSE</Setting>
				<Setting Name="checkbox_settings_enable_cd_t4_weapons">FALSE</Setting>
				<Setting Name="checkbox_settings_dov_raid_debuff">TRUE</Setting>
				<Setting Name="checkbox_settings_no_overseer">TRUE</Setting>
				<Setting Name="checkbox_settings_summon_familiar">TRUE</Setting>
				<Setting Name="checkbox_settings_do_not_show_revision_history">TRUE</Setting>
				<Setting Name="checkbox_settings_acceptnochoicerewards">TRUE</Setting>
				<Setting Name="checkbox_settings_movemelee">FALSE</Setting>
				<Setting Name="checkbox_settings_enable_chatevents">TRUE</Setting>
				<Setting Name="checkbox_settings_disablemercsupport">TRUE</Setting>
				<Setting Name="checkbox_settings_acceptraidreadychecks">TRUE</Setting>
				<Setting Name="checkbox_settings_consumeitems">TRUE</Setting>
				<Setting Name="checkbox_settings_disable_dbc_claim">TRUE</Setting>
				<Setting Name="checkbox_settings_enable_abilityrotate">TRUE</Setting>
				<Setting Name="checkbox_settings_enable_itemrotate">TRUE</Setting>
				<Setting Name="checkbox_settings_dov_raid_debuff_allow_moving">TRUE</Setting>
				<Setting Name="checkbox_settings_crowdcontrol">FALSE</Setting>
				<Setting Name="checkbox_settings_cancelinvisaftercombat">TRUE</Setting>
				<Setting Name="checkbox_settings_enablepetsindropdowns">TRUE</Setting>
				<Setting Name="checkbox_settings_enable_tag_embargo">TRUE</Setting>
				<Setting Name="checkbox_settings_enable_tag_allow">TRUE</Setting>
				<Setting Name="checkbox_settings_show_surge_messages">FALSE</Setting>
				<Setting Name="checkbox_settings_raidoptionslimited">FALSE</Setting>
			</Set>
			<Set Name="Setup">
				<Setting Name="textentry_setup_percenttoattack">99</Setting>
				<Setting Name="textentry_setup_moveintoattackrangehealthpercent">99</Setting>
				<Setting Name="textentry_setup_petpercenttoattack">99</Setting>
				<Setting Name="textentry_setup_powertousecas">25</Setting>
				<Setting Name="textentry_setup_healthtousecas">25</Setting>
				<Setting Name="textentry_setup_percenttousemanastone">10</Setting>
				<Setting Name="textentry_setup_percenttouseshards">10</Setting>
				<Setting Name="textentry_setup_reswaittimer">2</Setting>
				<Setting Name="textentry_setup_moveintomeleerangemaxdistance">100</Setting>
				<Setting Name="textentry_setup_autofollowmaxdistance">35</Setting>
				<Setting Name="checkbox_setup_broadcasttellstouplink">TRUE</Setting>
				<Setting Name="checkbox_setup_receivetellsfromuplink">FALSE</Setting>
				<Setting Name="combobox_setup_autofollowname">@Tank</Setting>
				<Setting Name="checkbox_setup_playsoundonreceivetellsfromuplink">FALSE</Setting>
				<Setting Name="textentry_setup_pbaetargets">2</Setting>
				<Setting Name="textentry_setup_encountertargets">2</Setting>
			</Set>
			<Set Name="Aliases">
				<Set Name="1">
					<Setting Name="__SourceName">*MT</Setting>
					<Setting Name="For">EditMe</Setting>
				</Set>
				<Set Name="2">
					<Setting Name="__SourceName">*MT</Setting>
					<Setting Name="For">EditMe</Setting>
				</Set>
				<Set Name="3">
					<Setting Name="__SourceName">*MythBuff</Setting>
					<Setting Name="For">EditMe</Setting>
				</Set>
				<Set Name="4">
					<Setting Name="__SourceName">*MythBuff</Setting>
					<Setting Name="For">EditMe</Setting>
				</Set>
				<Set Name="5">
					<Setting Name="__SourceName">*MeleeDPS</Setting>
					<Setting Name="For">EditMe</Setting>
				</Set>
				<Set Name="6">
					<Setting Name="__SourceName">*MeleeDPS</Setting>
					<Setting Name="For">EditMe</Setting>
				</Set>
				<Set Name="7">
					<Setting Name="__SourceName">*PactOfNature</Setting>
					<Setting Name="For">EditMe</Setting>
				</Set>
				<Set Name="8">
					<Setting Name="__SourceName">*PackOfNature</Setting>
					<Setting Name="For">EditMe</Setting>
				</Set>
				<Set Name="9">
					<Setting Name="__SourceName">*MageDPS1</Setting>
					<Setting Name="For">EditMe</Setting>
				</Set>
				<Set Name="10">
					<Setting Name="__SourceName">*MageDPS1</Setting>
					<Setting Name="For">EditMe</Setting>
				</Set>
				<Set Name="11">
					<Setting Name="__SourceName">*MageDPS2</Setting>
					<Setting Name="For">EditMe</Setting>
				</Set>
				<Set Name="12">
					<Setting Name="__SourceName">*MageDPS2</Setting>
					<Setting Name="For">EditMe</Setting>
				</Set>
				<Set Name="13">
					<Setting Name="__SourceName">*Tank</Setting>
					<Setting Name="For">EditMe</Setting>
				</Set>
				<Set Name="14">
					<Setting Name="__SourceName">*Tank</Setting>
					<Setting Name="For">EditMe</Setting>
				</Set>
				<Set Name="15">
					<Setting Name="__SourceName">*Lucid</Setting>
					<Setting Name="For">EditMe</Setting>
				</Set>
				<Set Name="16">
					<Setting Name="__SourceName">*Lucid</Setting>
					<Setting Name="For">EditMe</Setting>
				</Set>
			</Set>
			<Set Name="CastStack">
				<Set Name="1">
					<Setting Name="#">2</Setting>
					<Setting Name="__SourceName">Tunare's Grace</Setting>
					<Setting Name="Type">Cure</Setting>
				</Set>
				<Set Name="2">
					<Setting Name="#">1</Setting>
					<Setting Name="__SourceName">Abolishment</Setting>
					<Setting Name="Type">Cure</Setting>
				</Set>
				<Set Name="3">
					<Setting Name="#">2</Setting>
					<Setting Name="__SourceName">Natural Cleanse</Setting>
					<Setting Name="Type">Cure</Setting>
				</Set>
				<Set Name="4">
					<Setting Name="__SourceName">Primeval Awakening</Setting>
					<Setting Name="Target">@Tank</Setting>
					<Setting Name="Type">Res</Setting>
				</Set>
				<Set Name="5">
					<Setting Name="__SourceName">Primeval Awakening</Setting>
					<Setting Name="Target">@Healer1</Setting>
					<Setting Name="Type">Res</Setting>
				</Set>
				<Set Name="6">
					<Setting Name="__SourceName">Fierce Rousing</Setting>
					<Setting Name="Target">@Healer1</Setting>
					<Setting Name="Type">Res</Setting>
				</Set>
				<Set Name="7">
					<Setting Name="__SourceName">Primeval Awakening</Setting>
					<Setting Name="Target">@Group</Setting>
					<Setting Name="Type">Res</Setting>
				</Set>
				<Set Name="8">
					<Setting Name="#">3</Setting>
					<Setting Name="__SourceName">Call of the Hunt</Setting>
					<Setting Name="Target">@Group</Setting>
					<Setting Name="Type">Res</Setting>
				</Set>
				<Set Name="9">
					<Setting Name="%">90</Setting>
					<Setting Name="__SourceName">Sylvan Touch</Setting>
					<Setting Name="Target">*Tank</Setting>
					<Setting Name="Type">Heal</Setting>
				</Set>
				<Set Name="10">
					<Setting Name="__SourceName">Cure Curse</Setting>
					<Setting Name="Target">@Group</Setting>
					<Setting Name="Type">Cure</Setting>
				</Set>
				<Set Name="11">
					<Setting Name="__SourceName">Cure Curse</Setting>
					<Setting Name="Target">@Raid</Setting>
					<Setting Name="Type">Cure</Setting>
				</Set>
				<Set Name="12">
					<Setting Name="__SourceName">Cure Curse</Setting>
					<Setting Name="Target">*Tank</Setting>
					<Setting Name="Type">Cure</Setting>
				</Set>
				<Set Name="13">
					<Setting Name="__SourceName">Cure</Setting>
					<Setting Name="Target">@Raid</Setting>
					<Setting Name="Type">Cure</Setting>
				</Set>
				<Set Name="14">
					<Setting Name="__SourceName">Cure</Setting>
					<Setting Name="Target">@Group</Setting>
					<Setting Name="Type">Cure</Setting>
				</Set>
				<Set Name="15">
					<Setting Name="__SourceName">Animal Form</Setting>
					<Setting Name="ID">TRUE</Setting>
					<Setting Name="Target">*Tank</Setting>
					<Setting Name="Type">Combat</Setting>
				</Set>
				<Set Name="16">
					<Setting Name="__SourceName">Armor of Nature</Setting>
					<Setting Name="Type">Buff</Setting>
				</Set>
				<Set Name="17">
					<Setting Name="__SourceName">Devoted Shadeweaver Sidekick</Setting>
					<Setting Name="Type">Buff</Setting>
				</Set>
				<Set Name="18">
					<Setting Name="__SourceName">Thornskin</Setting>
					<Setting Name="Target">*Tank</Setting>
					<Setting Name="Type">Buff</Setting>
				</Set>
				<Set Name="19">
					<Setting Name="__SourceName">Nature's Wrath</Setting>
					<Setting Name="Type">Buff</Setting>
				</Set>
				<Set Name="20">
					<Setting Name="__SourceName">Shapeshift: Treant</Setting>
					<Setting Name="Type">Buff</Setting>
				</Set>
				<Set Name="21">
					<Setting Name="__SourceName">Peerless Predator</Setting>
					<Setting Name="Type">Buff</Setting>
				</Set>
				<Set Name="22">
					<Setting Name="__SourceName">Spirit of the Bat</Setting>
					<Setting Name="Target">@DPS1</Setting>
					<Setting Name="Type">Buff</Setting>
				</Set>
				<Set Name="23">
					<Setting Name="__SourceName">Wrath's Blessing</Setting>
					<Setting Name="Target">@Healer1</Setting>
					<Setting Name="Type">Buff</Setting>
				</Set>
				<Set Name="24">
					<Setting Name="__SourceName">Vortex of Nature</Setting>
					<Setting Name="Type">Buff</Setting>
				</Set>
				<Set Name="25">
					<Setting Name="__SourceName">Energy Vortex</Setting>
					<Setting Name="Target">@Me</Setting>
					<Setting Name="Type">Combat</Setting>
				</Set>
				<Set Name="26">
					<Setting Name="__SourceName">Untamed Regeneration</Setting>
					<Setting Name="Target">@Me</Setting>
					<Setting Name="Type">Combat</Setting>
				</Set>
				<Set Name="27">
					<Setting Name="#">1</Setting>
					<Setting Name="__SourceName">Devour</Setting>
					<Setting Name="Type">NamedCA</Setting>
				</Set>
				<Set Name="28">
					<Setting Name="__SourceName">Pact of the Cheetah</Setting>
					<Setting Name="Type">NamedCA</Setting>
				</Set>
				<Set Name="29">
					<Setting Name="__SourceName">Glacial Freeze</Setting>
					<Setting Name="Type">NamedCA</Setting>
				</Set>
				<Set Name="30">
					<Setting Name="#">1</Setting>
					<Setting Name="__SourceName">Heart Of The Storm</Setting>
					<Setting Name="Type">NamedCA</Setting>
				</Set>
				<Set Name="31">
					<Setting Name="__SourceName">Lightning Siphon</Setting>
					<Setting Name="Type">CA</Setting>
				</Set>
				<Set Name="32">
					<Setting Name="__SourceName">Lightning Siphon</Setting>
					<Setting Name="Type">CA</Setting>
				</Set>
				<Set Name="33">
					<Setting Name="__SourceName">Lightning Siphon</Setting>
					<Setting Name="Type">CA</Setting>
				</Set>
				<Set Name="34">
					<Setting Name="__SourceName">Lightning Siphon</Setting>
					<Setting Name="Type">CA</Setting>
				</Set>
				<Set Name="35">
					<Setting Name="#">1</Setting>
					<Setting Name="__SourceName">Raging Whirlwind</Setting>
					<Setting Name="Type">CA</Setting>
				</Set>
				<Set Name="36">
					<Setting Name="__SourceName">Rage of the Wild</Setting>
					<Setting Name="Type">CA</Setting>
				</Set>
				<Set Name="37">
					<Setting Name="__SourceName">Rage of the Wild</Setting>
					<Setting Name="Type">CA</Setting>
				</Set>
				<Set Name="38">
					<Setting Name="__SourceName">Rage of the Wild</Setting>
					<Setting Name="Type">CA</Setting>
				</Set>
				<Set Name="39">
					<Setting Name="__SourceName">Rage of the Wild</Setting>
					<Setting Name="Type">CA</Setting>
				</Set>
				<Set Name="40">
					<Setting Name="__SourceName">Rage of the Wild</Setting>
					<Setting Name="Type">CA</Setting>
				</Set>
				<Set Name="41">
					<Setting Name="#">1</Setting>
					<Setting Name="__SourceName">Ring of Fire</Setting>
					<Setting Name="Type">CA</Setting>
				</Set>
				<Set Name="42">
					<Setting Name="#">1</Setting>
					<Setting Name="__SourceName">Scorched Earth</Setting>
					<Setting Name="Type">Debuff</Setting>
				</Set>
				<Set Name="43">
					<Setting Name="__SourceName">Porcupine</Setting>
					<Setting Name="Type">NamedCA</Setting>
				</Set>
				<Set Name="44">
					<Setting Name="#">1</Setting>
					<Setting Name="__SourceName">Stormbearer's Fury</Setting>
					<Setting Name="Type">CA</Setting>
				</Set>
				<Set Name="45">
					<Setting Name="#">1</Setting>
					<Setting Name="__SourceName">Stormbearer's Fury</Setting>
					<Setting Name="Type">CA</Setting>
				</Set>
				<Set Name="46">
					<Setting Name="#">1</Setting>
					<Setting Name="__SourceName">Stormbearer's Fury</Setting>
					<Setting Name="Type">CA</Setting>
				</Set>
				<Set Name="47">
					<Setting Name="#">1</Setting>
					<Setting Name="__SourceName">Wrath of Nature</Setting>
					<Setting Name="Type">CA</Setting>
				</Set>
				<Set Name="48">
					<Setting Name="#">1</Setting>
					<Setting Name="__SourceName">Wrath of Nature</Setting>
					<Setting Name="Type">CA</Setting>
				</Set>
				<Set Name="49">
					<Setting Name="__SourceName">Fae Fire</Setting>
					<Setting Name="Target">@Me</Setting>
					<Setting Name="Type">Combat</Setting>
				</Set>
				<Set Name="50">
					<Setting Name="#">1</Setting>
					<Setting Name="__SourceName">Death Swarm</Setting>
					<Setting Name="Type">CA</Setting>
				</Set>
			</Set>
			<Set Name="Assist">
				<Set Name="1">
					<Setting Name="__SourceName">Tank</Setting>
				</Set>
			</Set>
			<Set Name="Loot">
				<Setting Name="checkbox_loot_ffaaccept">TRUE</Setting>
				<Setting Name="checkbox_loot_confirmnotrade">TRUE</Setting>
				<Setting Name="checkbox_loot_lottoaccept">TRUE</Setting>
				<Setting Name="checkbox_loot_nbggreed">FALSE</Setting>
			</Set>
			<Set Name="OSA">
				<Setting Name="slider_osa_radius">149</Setting>
				<Setting Name="textentry_osa_radius">149</Setting>
				<Setting Name="checkbox_osa_targetsonly">TRUE</Setting>
			</Set>
			<Set Name="Announce">
				<Set Name="1">
					<Setting Name="__SourceName">Tortoise Shell</Setting>
					<Setting Name="Target">Group</Setting>
					<Setting Name="Txt">Casting Tortoise Shell</Setting>
				</Set>
				<Set Name="2">
					<Setting Name="__SourceName">Cure Curse</Setting>
					<Setting Name="Target">Group</Setting>
					<Setting Name="Txt">Cure Curse on *Target*</Setting>
				</Set>
				<Set Name="3">
					<Setting Name="__SourceName">Cure Curse</Setting>
					<Setting Name="Target">Raid</Setting>
					<Setting Name="Txt">Cure Curse on *Target*</Setting>
				</Set>
				<Set Name="4">
					<Setting Name="__SourceName">Serene Symbol</Setting>
					<Setting Name="Target">Raid</Setting>
					<Setting Name="Txt">Casting Serene Symbol</Setting>
				</Set>
				<Set Name="5">
					<Setting Name="__SourceName">Pact of the Cheetah</Setting>
					<Setting Name="Target">Group</Setting>
					<Setting Name="Txt">Cheetah!</Setting>
				</Set>
				<Set Name="6">
					<Setting Name="__SourceName">Feral Tenacity</Setting>
					<Setting Name="Target">Group</Setting>
					<Setting Name="Txt">Death Save on *Target*</Setting>
				</Set>
				<Set Name="7">
					<Setting Name="__SourceName">Balanced Synergy</Setting>
					<Setting Name="Target">Group</Setting>
					<Setting Name="Txt">Balanced Synergy Priest</Setting>
				</Set>
				<Set Name="8">
					<Setting Name="__SourceName">Glacial Freeze</Setting>
					<Setting Name="Target">Raid</Setting>
					<Setting Name="Txt">Casting *Ability* on *Target*</Setting>
				</Set>
			</Set>
			<Set Name="AutoHunt">
				<Setting Name="checkbox_autohunt_pullspell1">TRUE</Setting>
				<Setting Name="combobox_autohunt_pullspell1">Death Swarm</Setting>
				<Setting Name="checkbox_autohunt_checkaggro">TRUE</Setting>
				<Setting Name="checkbox_autohunt_checkhp">TRUE</Setting>
				<Setting Name="checkbox_autohunt_checkmana">TRUE</Setting>
				<Setting Name="textentry_autohunt_checkhp">75</Setting>
				<Setting Name="textentry_autohunt_checkmana">75</Setting>
				<Setting Name="checkbox_autohunt_ignoregray">TRUE</Setting>
				<Setting Name="checkbox_autohunt_ignorered">TRUE</Setting>
				<Setting Name="checkbox_autohunt_autohunt">FALSE</Setting>
				<Setting Name="combobox_autohunt_pullspell2">Wrath</Setting>
				<Setting Name="checkbox_autohunt_pullspell2">TRUE</Setting>
			</Set>
			<Set Name="Other">
				<Setting Name="combobox_other_curabledisable">NULL</Setting>
				<Setting Name="checkbox_other_curabledisable">FALSE</Setting>
				<Setting Name="checkbox_other_requestconfrontfearviauplink">TRUE</Setting>
				<Setting Name="checkbox_other_requestconfrontfearviaraid">TRUE</Setting>
				<Setting Name="textentry_other_requestconfrontfearviaraid">Need a confront fear</Setting>
				<Setting Name="checkbox_other_rezanyone">TRUE</Setting>
			</Set>
			<Set Name="Inquisitor">
				<Setting Name="checkbox_inquisitor_verdictepics">FALSE</Setting>
				<Setting Name="checkbox_inquisitor_verdictepicnamedonly">FALSE</Setting>
				<Setting Name="checkbox_inquisitor_verdictheroics">FALSE</Setting>
				<Setting Name="checkbox_inquisitor_verdictheroicnamedonly">FALSE</Setting>
			</Set>
			<Set Name="Debug">
				<Setting Name="checkbox_debug_casting">FALSE</Setting>
			</Set>
			<Set Name="AutoTarget">
				<Setting Name="slider_autotarget_scanradius">10</Setting>
				<Setting Name="slider_autotarget_rescantime">236</Setting>
				<Setting Name="slider_autotarget_scanheight">15</Setting>
				<Setting Name="checkbox_autotarget_enabled">FALSE</Setting>
			</Set>
			<Set Name="Load">
				<Setting Name="checkbox_load_radaroff">TRUE</Setting>
				<Setting Name="checkbox_load_ogreirc">TRUE</Setting>
			</Set>
			<Set Name="LoadExecute">
				<Set Name="1">
					<Setting Name="__SourceName">eq2execute ics_playercombatautoface 0</Setting>
				</Set>
			</Set>
			<Set Name="EquipmentInfo">
				<Setting Name="combobox_equipmentinfo_charmoption1">Item:Sigil of the War Prince</Setting>
				<Setting Name="combobox_equipmentinfo_charmoption2">Item:Ashenfell Stone of Power</Setting>
			</Set>
			<Set Name="OgreConsole">
				<Setting Name="textentry_ogreconsole_x">483</Setting>
				<Setting Name="textentry_ogreconsole_y">851</Setting>
				<Setting Name="textentry_ogreconsole_width">632</Setting>
				<Setting Name="textentry_ogreconsole_height">177</Setting>
				<Setting Name="checkbox_ogreconsole_neverautoopen">TRUE</Setting>
				<Setting Name="checkbox_ogreconsole_hideonload">TRUE</Setting>
			</Set>
			<Set Name="ChatEvents">
				<Set Name="1">
					<Setting Name="__SourceName">You see something sparkle within</Setting>
					<Setting Name="Code">eq2execute p I can Harvest</Setting>
					<Setting Name="OC">TRUE</Setting>
				</Set>
				<Set Name="2">
					<Setting Name="__SourceName">The burning sensation you feel is a warning</Setting>
					<Setting Name="Code">eq2execute p CURE ME!</Setting>
				</Set>
				<Set Name="3">
					<Setting Name="__SourceName">Your Familiar has been dismissed</Setting>
					<Setting Name="Code">eq2execute gu Check my familiar!</Setting>
					<Setting Name="Ding">TRUE</Setting>
				</Set>
				<Set Name="4">
					<Setting Name="__SourceName">You have the spectral blast curse upon you</Setting>
					<Setting Name="Code">eq2execute r I have Spectral Blast!</Setting>
					<Setting Name="Ding">TRUE</Setting>
				</Set>
			</Set>
			<Set Name="Ascension">
				<Setting Name="checkbox_ascension_glacialfreeze_announce">FALSE</Setting>
				<Setting Name="checkbox_ascension_glacialfreeze_announce_onlyifinraid">FALSE</Setting>
			</Set>
			<Set Name="AscensionList">
				<Set Name="1">
					<Setting Name="__SourceName">99</Setting>
				</Set>
			</Set>
			<Set Name="AscensionEmbargoList">
				<Set Name="1">
					<Setting Name="__SourceName">Ethershadow Assassin</Setting>
				</Set>
			</Set>
			<Set Name="Items">
				<Set Name="1">
					<Setting Name="__SourceName">Abyssal Arcane Remedy</Setting>
				</Set>
				<Set Name="2">
					<Setting Name="__SourceName">Candied Needlite</Setting>
				</Set>
				<Set Name="3">
					<Setting Name="__SourceName">Grimling Pez</Setting>
				</Set>
				<Set Name="4">
					<Setting Name="__SourceName">Juju Hopling</Setting>
				</Set>
				<Set Name="5">
					<Setting Name="__SourceName">Shar Vahl Sweetart</Setting>
				</Set>
			</Set>
			<Set Name="Overseer">
				<Setting Name="checkbox_overseer_skip_treasured_quests">TRUE</Setting>
			</Set>
			<Set Name="ConsumeItems">
				<Set Name="1">
					<Setting Name="__IsItem">TRUE</Setting>
					<Setting Name="__ItemName">Candied Needlite</Setting>
					<Setting Name="__SourceName">Item:Candied Needlite</Setting>
					<Setting Name="IC">TRUE</Setting>
				</Set>
				<Set Name="2">
					<Setting Name="__IsItem">TRUE</Setting>
					<Setting Name="__ItemName">Juju Hopling</Setting>
					<Setting Name="__SourceName">Item:Juju Hopling</Setting>
					<Setting Name="IC">TRUE</Setting>
				</Set>
				<Set Name="3">
					<Setting Name="__IsItem">TRUE</Setting>
					<Setting Name="__ItemName">Shar Vahl Sweetart</Setting>
					<Setting Name="__SourceName">Item:Shar Vahl Sweetart</Setting>
					<Setting Name="IC">TRUE</Setting>
				</Set>
				<Set Name="4">
					<Setting Name="__IsItem">TRUE</Setting>
					<Setting Name="__ItemName">Grimling Pez</Setting>
					<Setting Name="__SourceName">Item:Grimling Pez</Setting>
					<Setting Name="IC">TRUE</Setting>
				</Set>
			</Set>
			<Set Name="Tags_AddNew">
				<Set Name="1">
					<Setting Name="__SourceName">FastCast</Setting>
				</Set>
			</Set>
			<Set Name="Tags">
				<Set Name="1">
					<Setting Name="+">1</Setting>
					<Setting Name="__SourceName">FastCast</Setting>
					<Setting Name="I">TRUE</Setting>
					<Setting Name="Me">TRUE</Setting>
				</Set>
			</Set>
		</Set>
		<Set Name="Jiimbo_fury">
			<Set Name="Settings">
				<Setting Name="checkbox_settings_buffs">TRUE</Setting>
				<Setting Name="checkbox_settings_combatarts">TRUE</Setting>
				<Setting Name="checkbox_settings_namedcombatarts">TRUE</Setting>
				<Setting Name="checkbox_settings_rangedattack">FALSE</Setting>
				<Setting Name="checkbox_settings_autoattacktiming">FALSE</Setting>
				<Setting Name="checkbox_settings_meleeattack">TRUE</Setting>
				<Setting Name="checkbox_settings_ignoretargettoattackhealthcheck">TRUE</Setting>
				<Setting Name="checkbox_settings_loot">FALSE</Setting>
				<Setting Name="checkbox_settings_acceptloot">TRUE</Setting>
				<Setting Name="checkbox_settings_acceptres">TRUE</Setting>
				<Setting Name="checkbox_settings_prioritytab">TRUE</Setting>
				<Setting Name="checkbox_settings_acceptinvites">TRUE</Setting>
				<Setting Name="checkbox_settings_enablealiases">TRUE</Setting>
				<Setting Name="checkbox_settings_enableogremcp">FALSE</Setting>
				<Setting Name="checkbox_settings_enableonscreenassistant">FALSE</Setting>
				<Setting Name="checkbox_settings_enableannouncetab">TRUE</Setting>
				<Setting Name="checkbox_settings_raidoptions">FALSE</Setting>
				<Setting Name="checkbox_settings_grindoptions">TRUE</Setting>
				<Setting Name="checkbox_settings_encountersmartnukes">TRUE</Setting>
				<Setting Name="checkbox_settings_aesmartnukes">TRUE</Setting>
				<Setting Name="checkbox_settings_autotargetwhenhated">TRUE</Setting>
				<Setting Name="checkbox_settings_res">TRUE</Setting>
				<Setting Name="checkbox_settings_dopowerheals">TRUE</Setting>
				<Setting Name="checkbox_settings_assist">TRUE</Setting>
				<Setting Name="checkbox_settings_autofollow">FALSE</Setting>
				<Setting Name="checkbox_settings_chaintab">TRUE</Setting>
				<Setting Name="checkbox_settings_movetoarea">TRUE</Setting>
				<Setting Name="checkbox_settings_doho">FALSE</Setting>
				<Setting Name="checkbox_settings_facenpc">TRUE</Setting>
				<Setting Name="checkbox_settings_turnoffattack">TRUE</Setting>
				<Setting Name="checkbox_settings_cancelabilitiestogroupcure">TRUE</Setting>
				<Setting Name="checkbox_settings_disablecaststack_buffs">FALSE</Setting>
				<Setting Name="checkbox_settings_autospend_deitypoints">TRUE</Setting>
				<Setting Name="checkbox_settings_acceptdungeonfinderisready">TRUE</Setting>
				<Setting Name="checkbox_settings_disablecaststack_heal">FALSE</Setting>
				<Setting Name="checkbox_settings_disablecaststack_combat">FALSE</Setting>
				<Setting Name="checkbox_settings_autocomplete_ascensioncombos">FALSE</Setting>
				<Setting Name="checkbox_settings_handle_hq_earring">TRUE</Setting>
				<Setting Name="checkbox_settings_forcenamedcatab">FALSE</Setting>
				<Setting Name="checkbox_settings_autospend_skipcb">FALSE</Setting>
				<Setting Name="checkbox_settings_autospend_skipstamina">TRUE</Setting>
				<Setting Name="checkbox_settings_disableabilitycollisionchecks">FALSE</Setting>
				<Setting Name="checkbox_settings_autospend_skippotency">TRUE</Setting>
				<Setting Name="checkbox_settings_movebehind">FALSE</Setting>
				<Setting Name="checkbox_settings_accept_zonein_confirmation">TRUE</Setting>
				<Setting Name="checkbox_settings_disablecaststack_cure">FALSE</Setting>
				<Setting Name="checkbox_settings_ascension_embargo_and_combos">FALSE</Setting>
				<Setting Name="checkbox_settings_enable_cd_t4_weapons">FALSE</Setting>
				<Setting Name="checkbox_settings_dov_raid_debuff">TRUE</Setting>
				<Setting Name="checkbox_settings_no_overseer">TRUE</Setting>
				<Setting Name="checkbox_settings_summon_familiar">TRUE</Setting>
				<Setting Name="checkbox_settings_do_not_show_revision_history">TRUE</Setting>
				<Setting Name="checkbox_settings_acceptnochoicerewards">TRUE</Setting>
				<Setting Name="checkbox_settings_movemelee">FALSE</Setting>
				<Setting Name="checkbox_settings_enable_chatevents">TRUE</Setting>
				<Setting Name="checkbox_settings_disablemercsupport">TRUE</Setting>
				<Setting Name="checkbox_settings_acceptraidreadychecks">TRUE</Setting>
				<Setting Name="checkbox_settings_consumeitems">TRUE</Setting>
				<Setting Name="checkbox_settings_disable_dbc_claim">TRUE</Setting>
				<Setting Name="checkbox_settings_enable_abilityrotate">TRUE</Setting>
				<Setting Name="checkbox_settings_enable_itemrotate">TRUE</Setting>
				<Setting Name="checkbox_settings_dov_raid_debuff_allow_moving">TRUE</Setting>
				<Setting Name="checkbox_settings_crowdcontrol">FALSE</Setting>
				<Setting Name="checkbox_settings_cancelinvisaftercombat">TRUE</Setting>
				<Setting Name="checkbox_settings_enablepetsindropdowns">TRUE</Setting>
				<Setting Name="checkbox_settings_enable_tag_embargo">TRUE</Setting>
				<Setting Name="checkbox_settings_enable_tag_allow">TRUE</Setting>
				<Setting Name="checkbox_settings_show_surge_messages">FALSE</Setting>
				<Setting Name="checkbox_settings_raidoptionslimited">FALSE</Setting>
			</Set>
			<Set Name="Setup">
				<Setting Name="textentry_setup_percenttoattack">99</Setting>
				<Setting Name="textentry_setup_moveintoattackrangehealthpercent">99</Setting>
				<Setting Name="textentry_setup_petpercenttoattack">99</Setting>
				<Setting Name="textentry_setup_powertousecas">25</Setting>
				<Setting Name="textentry_setup_healthtousecas">25</Setting>
				<Setting Name="textentry_setup_percenttousemanastone">10</Setting>
				<Setting Name="textentry_setup_percenttouseshards">10</Setting>
				<Setting Name="textentry_setup_reswaittimer">2</Setting>
				<Setting Name="textentry_setup_moveintomeleerangemaxdistance">100</Setting>
				<Setting Name="textentry_setup_autofollowmaxdistance">35</Setting>
				<Setting Name="checkbox_setup_broadcasttellstouplink">TRUE</Setting>
				<Setting Name="checkbox_setup_receivetellsfromuplink">FALSE</Setting>
				<Setting Name="combobox_setup_autofollowname">@Tank</Setting>
				<Setting Name="checkbox_setup_playsoundonreceivetellsfromuplink">FALSE</Setting>
				<Setting Name="textentry_setup_pbaetargets">2</Setting>
				<Setting Name="textentry_setup_encountertargets">2</Setting>
			</Set>
			<Set Name="Aliases">
				<Set Name="1">
					<Setting Name="__SourceName">*MT</Setting>
					<Setting Name="For">EditMe</Setting>
				</Set>
				<Set Name="2">
					<Setting Name="__SourceName">*MT</Setting>
					<Setting Name="For">EditMe</Setting>
				</Set>
				<Set Name="3">
					<Setting Name="__SourceName">*MythBuff</Setting>
					<Setting Name="For">EditMe</Setting>
				</Set>
				<Set Name="4">
					<Setting Name="__SourceName">*MythBuff</Setting>
					<Setting Name="For">EditMe</Setting>
				</Set>
				<Set Name="5">
					<Setting Name="__SourceName">*MeleeDPS</Setting>
					<Setting Name="For">EditMe</Setting>
				</Set>
				<Set Name="6">
					<Setting Name="__SourceName">*MeleeDPS</Setting>
					<Setting Name="For">EditMe</Setting>
				</Set>
				<Set Name="7">
					<Setting Name="__SourceName">*PactOfNature</Setting>
					<Setting Name="For">EditMe</Setting>
				</Set>
				<Set Name="8">
					<Setting Name="__SourceName">*PackOfNature</Setting>
					<Setting Name="For">EditMe</Setting>
				</Set>
				<Set Name="9">
					<Setting Name="__SourceName">*MageDPS1</Setting>
					<Setting Name="For">EditMe</Setting>
				</Set>
				<Set Name="10">
					<Setting Name="__SourceName">*MageDPS1</Setting>
					<Setting Name="For">EditMe</Setting>
				</Set>
				<Set Name="11">
					<Setting Name="__SourceName">*MageDPS2</Setting>
					<Setting Name="For">EditMe</Setting>
				</Set>
				<Set Name="12">
					<Setting Name="__SourceName">*MageDPS2</Setting>
					<Setting Name="For">EditMe</Setting>
				</Set>
				<Set Name="13">
					<Setting Name="__SourceName">*Tank</Setting>
					<Setting Name="For">EditMe</Setting>
				</Set>
				<Set Name="14">
					<Setting Name="__SourceName">*Tank</Setting>
					<Setting Name="For">EditMe</Setting>
				</Set>
				<Set Name="15">
					<Setting Name="__SourceName">*Lucid</Setting>
					<Setting Name="For">EditMe</Setting>
				</Set>
				<Set Name="16">
					<Setting Name="__SourceName">*Lucid</Setting>
					<Setting Name="For">EditMe</Setting>
				</Set>
			</Set>
			<Set Name="CastStack">
				<Set Name="1">
					<Setting Name="#">1</Setting>
					<Setting Name="__SourceName">Tunare's Grace</Setting>
					<Setting Name="Type">Cure</Setting>
				</Set>
				<Set Name="2">
					<Setting Name="#">3</Setting>
					<Setting Name="__SourceName">Abolishment</Setting>
					<Setting Name="Type">Cure</Setting>
				</Set>
				<Set Name="3">
					<Setting Name="#">2</Setting>
					<Setting Name="__SourceName">Natural Cleanse</Setting>
					<Setting Name="Type">Cure</Setting>
				</Set>
				<Set Name="4">
					<Setting Name="__SourceName">Primeval Awakening</Setting>
					<Setting Name="Target">@Tank</Setting>
					<Setting Name="Type">Res</Setting>
				</Set>
				<Set Name="5">
					<Setting Name="__SourceName">Primeval Awakening</Setting>
					<Setting Name="Target">@Healer1</Setting>
					<Setting Name="Type">Res</Setting>
				</Set>
				<Set Name="6">
					<Setting Name="__SourceName">Fierce Rousing</Setting>
					<Setting Name="Target">@Healer1</Setting>
					<Setting Name="Type">Res</Setting>
				</Set>
				<Set Name="7">
					<Setting Name="__SourceName">Primeval Awakening</Setting>
					<Setting Name="Target">@Group</Setting>
					<Setting Name="Type">Res</Setting>
				</Set>
				<Set Name="8">
					<Setting Name="#">3</Setting>
					<Setting Name="__SourceName">Call of the Hunt</Setting>
					<Setting Name="Target">@Group</Setting>
					<Setting Name="Type">Res</Setting>
				</Set>
				<Set Name="9">
					<Setting Name="%">90</Setting>
					<Setting Name="__SourceName">Sylvan Touch</Setting>
					<Setting Name="Target">*Tank</Setting>
					<Setting Name="Type">Heal</Setting>
				</Set>
				<Set Name="10">
					<Setting Name="__SourceName">Cure Curse</Setting>
					<Setting Name="Target">@Group</Setting>
					<Setting Name="Type">Cure</Setting>
				</Set>
				<Set Name="11">
					<Setting Name="__SourceName">Cure Curse</Setting>
					<Setting Name="Target">@Raid</Setting>
					<Setting Name="Type">Cure</Setting>
				</Set>
				<Set Name="12">
					<Setting Name="__SourceName">Cure Curse</Setting>
					<Setting Name="Target">*Tank</Setting>
					<Setting Name="Type">Cure</Setting>
				</Set>
				<Set Name="13">
					<Setting Name="__SourceName">Cure</Setting>
					<Setting Name="Target">@Raid</Setting>
					<Setting Name="Type">Cure</Setting>
				</Set>
				<Set Name="14">
					<Setting Name="__SourceName">Cure</Setting>
					<Setting Name="Target">@Group</Setting>
					<Setting Name="Type">Cure</Setting>
				</Set>
				<Set Name="15">
					<Setting Name="__SourceName">Animal Form</Setting>
					<Setting Name="ID">TRUE</Setting>
					<Setting Name="Target">*Tank</Setting>
					<Setting Name="Type">Combat</Setting>
				</Set>
				<Set Name="16">
					<Setting Name="__SourceName">Armor of Nature</Setting>
					<Setting Name="Type">Buff</Setting>
				</Set>
				<Set Name="17">
					<Setting Name="__SourceName">Devoted Shadeweaver Sidekick</Setting>
					<Setting Name="Type">Buff</Setting>
				</Set>
				<Set Name="18">
					<Setting Name="__SourceName">Forest Spirit</Setting>
					<Setting Name="Type">Buff</Setting>
				</Set>
				<Set Name="19">
					<Setting Name="__SourceName">Thornskin</Setting>
					<Setting Name="Target">*Tank</Setting>
					<Setting Name="Type">Buff</Setting>
				</Set>
				<Set Name="20">
					<Setting Name="__SourceName">Nature's Wrath</Setting>
					<Setting Name="Type">Buff</Setting>
				</Set>
				<Set Name="21">
					<Setting Name="__SourceName">Shapeshift: Treant</Setting>
					<Setting Name="Type">Buff</Setting>
				</Set>
				<Set Name="22">
					<Setting Name="__SourceName">Peerless Predator</Setting>
					<Setting Name="Type">Buff</Setting>
				</Set>
				<Set Name="23">
					<Setting Name="__SourceName">Nature's Ferocity</Setting>
					<Setting Name="Type">Buff</Setting>
				</Set>
				<Set Name="24">
					<Setting Name="__SourceName">Spirit of the Bat</Setting>
					<Setting Name="Target">@DPS1</Setting>
					<Setting Name="Type">Buff</Setting>
				</Set>
				<Set Name="25">
					<Setting Name="__SourceName">Wrath's Blessing</Setting>
					<Setting Name="Target">@Healer1</Setting>
					<Setting Name="Type">Buff</Setting>
				</Set>
				<Set Name="26">
					<Setting Name="__SourceName">Vortex of Nature</Setting>
					<Setting Name="Type">Buff</Setting>
				</Set>
				<Set Name="27">
					<Setting Name="__SourceName">Energy Vortex</Setting>
					<Setting Name="Target">@Me</Setting>
					<Setting Name="Type">Combat</Setting>
				</Set>
				<Set Name="28">
					<Setting Name="__SourceName">Lightning Siphon</Setting>
					<Setting Name="Type">CA</Setting>
				</Set>
				<Set Name="29">
					<Setting Name="__SourceName">Autumn's Kiss</Setting>
					<Setting Name="Target">@Me</Setting>
					<Setting Name="Type">Combat</Setting>
				</Set>
				<Set Name="30">
					<Setting Name="__SourceName">Feral Tenacity</Setting>
					<Setting Name="Target">@Me</Setting>
					<Setting Name="Type">Combat</Setting>
				</Set>
				<Set Name="31">
					<Setting Name="__SourceName">Untamed Regeneration</Setting>
					<Setting Name="Target">@Me</Setting>
					<Setting Name="Type">Combat</Setting>
				</Set>
				<Set Name="32">
					<Setting Name="__SourceName">Embodiment of Nature</Setting>
					<Setting Name="Target">*Tank</Setting>
					<Setting Name="Type">Combat</Setting>
				</Set>
				<Set Name="33">
					<Setting Name="__SourceName">Fae Fire</Setting>
					<Setting Name="Target">@Me</Setting>
					<Setting Name="Type">Combat</Setting>
				</Set>
				<Set Name="34">
					<Setting Name="#">1</Setting>
					<Setting Name="__SourceName">Ring of Fire</Setting>
					<Setting Name="Type">CA</Setting>
				</Set>
				<Set Name="35">
					<Setting Name="__SourceName">Pact of the Cheetah</Setting>
					<Setting Name="Type">NamedCA</Setting>
				</Set>
				<Set Name="36">
					<Setting Name="__SourceName">Hibernation</Setting>
					<Setting Name="Target">@Me</Setting>
					<Setting Name="Type">Combat</Setting>
				</Set>
				<Set Name="37">
					<Setting Name="__SourceName">Glacial Freeze</Setting>
					<Setting Name="Type">NamedCA</Setting>
				</Set>
				<Set Name="38">
					<Setting Name="#">1</Setting>
					<Setting Name="__SourceName">Scorched Earth</Setting>
					<Setting Name="Type">Debuff</Setting>
				</Set>
				<Set Name="39">
					<Setting Name="__SourceName">Protective Instinct</Setting>
					<Setting Name="ID">TRUE</Setting>
					<Setting Name="Type">NamedCA</Setting>
				</Set>
				<Set Name="40">
					<Setting Name="__SourceName">Porcupine</Setting>
					<Setting Name="Type">NamedCA</Setting>
				</Set>
				<Set Name="41">
					<Setting Name="#">1</Setting>
					<Setting Name="__SourceName">Wrath of Nature</Setting>
					<Setting Name="Type">CA</Setting>
				</Set>
				<Set Name="42">
					<Setting Name="#">1</Setting>
					<Setting Name="__SourceName">Stormbearer's Fury</Setting>
					<Setting Name="Type">CA</Setting>
				</Set>
				<Set Name="43">
					<Setting Name="__SourceName">Rage of the Wild</Setting>
					<Setting Name="Type">CA</Setting>
				</Set>
				<Set Name="44">
					<Setting Name="#">1</Setting>
					<Setting Name="__SourceName">Devour</Setting>
					<Setting Name="Type">NamedCA</Setting>
				</Set>
				<Set Name="45">
					<Setting Name="#">1</Setting>
					<Setting Name="__SourceName">Heart Of The Storm</Setting>
					<Setting Name="Type">NamedCA</Setting>
				</Set>
				<Set Name="46">
					<Setting Name="__SourceName">Rage of the Wild</Setting>
					<Setting Name="Type">CA</Setting>
				</Set>
				<Set Name="47">
					<Setting Name="__SourceName">Autumn's Kiss</Setting>
					<Setting Name="Target">@Me</Setting>
					<Setting Name="Type">Combat</Setting>
				</Set>
				<Set Name="48">
					<Setting Name="__SourceName">Back into the Fray</Setting>
					<Setting Name="Target">*Tank</Setting>
					<Setting Name="Type">Heal</Setting>
					<Setting Name="%">85</Setting>
				</Set>
				<Set Name="49">
					<Setting Name="__SourceName">Brittle Armor</Setting>
					<Setting Name="Type">NamedCA</Setting>
				</Set>
				<Set Name="50">
					<Setting Name="__SourceName">Lightning Siphon</Setting>
					<Setting Name="Type">CA</Setting>
				</Set>
				<Set Name="51">
					<Setting Name="__SourceName">Fiery Incineration</Setting>
					<Setting Name="Type">NamedCA</Setting>
				</Set>
				<Set Name="52">
					<Setting Name="__SourceName">Howling with the Pack</Setting>
					<Setting Name="Target">@Me</Setting>
					<Setting Name="Type">Combat</Setting>
				</Set>
				<Set Name="53">
					<Setting Name="#">1</Setting>
					<Setting Name="__SourceName">Starnova</Setting>
					<Setting Name="Type">CA</Setting>
				</Set>
				<Set Name="54">
					<Setting Name="__SourceName">Rage of the Wild</Setting>
					<Setting Name="Type">CA</Setting>
				</Set>
				<Set Name="55">
					<Setting Name="#">1</Setting>
					<Setting Name="__SourceName">Blistering Waste</Setting>
					<Setting Name="Type">NamedCA</Setting>
				</Set>
				<Set Name="56">
					<Setting Name="__SourceName">Hibernation</Setting>
					<Setting Name="Target">@Me</Setting>
					<Setting Name="Type">Combat</Setting>
				</Set>
				<Set Name="57">
					<Setting Name="#">1</Setting>
					<Setting Name="__SourceName">Death Swarm</Setting>
					<Setting Name="Type">CA</Setting>
				</Set>
				<Set Name="58">
					<Setting Name="__SourceName">Lightning Siphon</Setting>
					<Setting Name="Type">CA</Setting>
				</Set>
				<Set Name="59">
					<Setting Name="#">1</Setting>
					<Setting Name="__SourceName">Raging Whirlwind</Setting>
					<Setting Name="Type">CA</Setting>
				</Set>
				<Set Name="60">
					<Setting Name="#">1</Setting>
					<Setting Name="__SourceName">Stormbearer's Fury</Setting>
					<Setting Name="Type">CA</Setting>
				</Set>
				<Set Name="61">
					<Setting Name="#">1</Setting>
					<Setting Name="__SourceName">Maddening Swarm</Setting>
					<Setting Name="Type">CA</Setting>
				</Set>
				<Set Name="62">
					<Setting Name="__SourceName">Wildfire</Setting>
					<Setting Name="Type">NamedCA</Setting>
				</Set>
				<Set Name="63">
					<Setting Name="#">1</Setting>
					<Setting Name="__SourceName">Starnova</Setting>
					<Setting Name="Type">CA</Setting>
				</Set>
				<Set Name="64">
					<Setting Name="#">1</Setting>
					<Setting Name="__SourceName">Ball Lightning</Setting>
					<Setting Name="Type">CA</Setting>
				</Set>
			</Set>
			<Set Name="Assist">
				<Set Name="1">
					<Setting Name="__SourceName">Tank</Setting>
				</Set>
			</Set>
			<Set Name="Loot">
				<Setting Name="checkbox_loot_ffaaccept">TRUE</Setting>
				<Setting Name="checkbox_loot_confirmnotrade">TRUE</Setting>
				<Setting Name="checkbox_loot_lottoaccept">TRUE</Setting>
				<Setting Name="checkbox_loot_nbggreed">FALSE</Setting>
			</Set>
			<Set Name="OSA">
				<Setting Name="slider_osa_radius">149</Setting>
				<Setting Name="textentry_osa_radius">149</Setting>
				<Setting Name="checkbox_osa_targetsonly">TRUE</Setting>
			</Set>
			<Set Name="Announce">
				<Set Name="1">
					<Setting Name="__SourceName">Tortoise Shell</Setting>
					<Setting Name="Target">Group</Setting>
					<Setting Name="Txt">Casting Tortoise Shell</Setting>
				</Set>
				<Set Name="2">
					<Setting Name="__SourceName">Cure Curse</Setting>
					<Setting Name="Target">Group</Setting>
					<Setting Name="Txt">Cure Curse on *Target*</Setting>
				</Set>
				<Set Name="3">
					<Setting Name="__SourceName">Cure Curse</Setting>
					<Setting Name="Target">Raid</Setting>
					<Setting Name="Txt">Cure Curse on *Target*</Setting>
				</Set>
				<Set Name="4">
					<Setting Name="__SourceName">Serene Symbol</Setting>
					<Setting Name="Target">Raid</Setting>
					<Setting Name="Txt">Casting Serene Symbol</Setting>
				</Set>
				<Set Name="5">
					<Setting Name="__SourceName">Pact of the Cheetah</Setting>
					<Setting Name="Target">Group</Setting>
					<Setting Name="Txt">Cheetah!</Setting>
				</Set>
				<Set Name="6">
					<Setting Name="__SourceName">Feral Tenacity</Setting>
					<Setting Name="Target">Group</Setting>
					<Setting Name="Txt">Death Save on *Target*</Setting>
				</Set>
				<Set Name="7">
					<Setting Name="__SourceName">Balanced Synergy</Setting>
					<Setting Name="Target">Group</Setting>
					<Setting Name="Txt">Balanced Synergy Priest</Setting>
				</Set>
				<Set Name="8">
					<Setting Name="__SourceName">Glacial Freeze</Setting>
					<Setting Name="Target">Raid</Setting>
					<Setting Name="Txt">Casting *Ability* on *Target*</Setting>
				</Set>
			</Set>
			<Set Name="AutoHunt">
				<Setting Name="checkbox_autohunt_pullspell1">TRUE</Setting>
				<Setting Name="combobox_autohunt_pullspell1">Death Swarm</Setting>
				<Setting Name="checkbox_autohunt_checkaggro">TRUE</Setting>
				<Setting Name="checkbox_autohunt_checkhp">TRUE</Setting>
				<Setting Name="checkbox_autohunt_checkmana">TRUE</Setting>
				<Setting Name="textentry_autohunt_checkhp">75</Setting>
				<Setting Name="textentry_autohunt_checkmana">75</Setting>
				<Setting Name="checkbox_autohunt_ignoregray">TRUE</Setting>
				<Setting Name="checkbox_autohunt_ignorered">TRUE</Setting>
				<Setting Name="checkbox_autohunt_autohunt">FALSE</Setting>
				<Setting Name="combobox_autohunt_pullspell2">Wrath</Setting>
				<Setting Name="checkbox_autohunt_pullspell2">TRUE</Setting>
			</Set>
			<Set Name="Other">
				<Setting Name="combobox_other_curabledisable">NULL</Setting>
				<Setting Name="checkbox_other_curabledisable">FALSE</Setting>
				<Setting Name="checkbox_other_requestconfrontfearviauplink">TRUE</Setting>
				<Setting Name="checkbox_other_requestconfrontfearviaraid">TRUE</Setting>
				<Setting Name="textentry_other_requestconfrontfearviaraid">Need a confront fear</Setting>
				<Setting Name="checkbox_other_rezanyone">TRUE</Setting>
			</Set>
			<Set Name="Inquisitor">
				<Setting Name="checkbox_inquisitor_verdictepics">FALSE</Setting>
				<Setting Name="checkbox_inquisitor_verdictepicnamedonly">FALSE</Setting>
				<Setting Name="checkbox_inquisitor_verdictheroics">FALSE</Setting>
				<Setting Name="checkbox_inquisitor_verdictheroicnamedonly">FALSE</Setting>
			</Set>
			<Set Name="Debug">
				<Setting Name="checkbox_debug_casting">FALSE</Setting>
			</Set>
			<Set Name="AutoTarget">
				<Setting Name="slider_autotarget_scanradius">10</Setting>
				<Setting Name="slider_autotarget_rescantime">236</Setting>
				<Setting Name="slider_autotarget_scanheight">15</Setting>
				<Setting Name="checkbox_autotarget_enabled">FALSE</Setting>
			</Set>
			<Set Name="Load">
				<Setting Name="checkbox_load_radaroff">TRUE</Setting>
				<Setting Name="checkbox_load_ogreirc">TRUE</Setting>
			</Set>
			<Set Name="LoadExecute">
				<Set Name="1">
					<Setting Name="__SourceName">eq2execute ics_playercombatautoface 0</Setting>
				</Set>
			</Set>
			<Set Name="EquipmentInfo">
				<Setting Name="combobox_equipmentinfo_charmoption1">Item:Sigil of the War Prince</Setting>
				<Setting Name="combobox_equipmentinfo_charmoption2">Item:Ashenfell Stone of Power</Setting>
			</Set>
			<Set Name="OgreConsole">
				<Setting Name="textentry_ogreconsole_x">483</Setting>
				<Setting Name="textentry_ogreconsole_y">851</Setting>
				<Setting Name="textentry_ogreconsole_width">632</Setting>
				<Setting Name="textentry_ogreconsole_height">177</Setting>
				<Setting Name="checkbox_ogreconsole_neverautoopen">TRUE</Setting>
				<Setting Name="checkbox_ogreconsole_hideonload">TRUE</Setting>
			</Set>
			<Set Name="ChatEvents">
				<Set Name="1">
					<Setting Name="__SourceName">You see something sparkle within</Setting>
					<Setting Name="Code">eq2execute p I can Harvest</Setting>
					<Setting Name="OC">TRUE</Setting>
				</Set>
				<Set Name="2">
					<Setting Name="__SourceName">The burning sensation you feel is a warning</Setting>
					<Setting Name="Code">eq2execute p CURE ME!</Setting>
				</Set>
				<Set Name="3">
					<Setting Name="__SourceName">Your Familiar has been dismissed</Setting>
					<Setting Name="Code">eq2execute gu Check my familiar!</Setting>
					<Setting Name="Ding">TRUE</Setting>
				</Set>
				<Set Name="4">
					<Setting Name="__SourceName">You have the spectral blast curse upon you</Setting>
					<Setting Name="Code">eq2execute r I have Spectral Blast!</Setting>
					<Setting Name="Ding">TRUE</Setting>
				</Set>
			</Set>
			<Set Name="Ascension">
				<Setting Name="checkbox_ascension_glacialfreeze_announce">FALSE</Setting>
				<Setting Name="checkbox_ascension_glacialfreeze_announce_onlyifinraid">FALSE</Setting>
			</Set>
			<Set Name="AscensionList">
				<Set Name="1">
					<Setting Name="__SourceName">99</Setting>
				</Set>
			</Set>
			<Set Name="AscensionEmbargoList">
				<Set Name="1">
					<Setting Name="__SourceName">Ethershadow Assassin</Setting>
				</Set>
			</Set>
			<Set Name="Items">
				<Set Name="1">
					<Setting Name="__SourceName">Abyssal Arcane Remedy</Setting>
				</Set>
				<Set Name="2">
					<Setting Name="__SourceName">Candied Needlite</Setting>
				</Set>
				<Set Name="3">
					<Setting Name="__SourceName">Grimling Pez</Setting>
				</Set>
				<Set Name="4">
					<Setting Name="__SourceName">Juju Hopling</Setting>
				</Set>
				<Set Name="5">
					<Setting Name="__SourceName">Shar Vahl Sweetart</Setting>
				</Set>
			</Set>
			<Set Name="Overseer">
				<Setting Name="checkbox_overseer_skip_treasured_quests">TRUE</Setting>
			</Set>
			<Set Name="ConsumeItems">
				<Set Name="1">
					<Setting Name="__IsItem">TRUE</Setting>
					<Setting Name="__ItemName">Candied Needlite</Setting>
					<Setting Name="__SourceName">Item:Candied Needlite</Setting>
					<Setting Name="IC">TRUE</Setting>
				</Set>
				<Set Name="2">
					<Setting Name="__IsItem">TRUE</Setting>
					<Setting Name="__ItemName">Juju Hopling</Setting>
					<Setting Name="__SourceName">Item:Juju Hopling</Setting>
					<Setting Name="IC">TRUE</Setting>
				</Set>
				<Set Name="3">
					<Setting Name="__IsItem">TRUE</Setting>
					<Setting Name="__ItemName">Shar Vahl Sweetart</Setting>
					<Setting Name="__SourceName">Item:Shar Vahl Sweetart</Setting>
					<Setting Name="IC">TRUE</Setting>
				</Set>
				<Set Name="4">
					<Setting Name="__IsItem">TRUE</Setting>
					<Setting Name="__ItemName">Grimling Pez</Setting>
					<Setting Name="__SourceName">Item:Grimling Pez</Setting>
					<Setting Name="IC">TRUE</Setting>
				</Set>
			</Set>
			<Set Name="Tags_AddNew">
				<Set Name="1">
					<Setting Name="__SourceName">FastCast</Setting>
				</Set>
			</Set>
			<Set Name="Tags">
				<Set Name="1">
					<Setting Name="+">1</Setting>
					<Setting Name="__SourceName">FastCast</Setting>
					<Setting Name="I">TRUE</Setting>
					<Setting Name="Me">TRUE</Setting>
				</Set>
			</Set>
		</Set>
	</Set>
</InnerSpaceSettings>
