﻿<?xml version='1.0' encoding='UTF-8'?>
<!-- Generated by LavishSettings v2 -->
<InnerSpaceSettings>
	<Set Name="Profiles">
		<Setting Name="DefaultProfiles">Jiimbo_ROS</Setting>
		<Set Name="Jiimbo_ROS">
			<Set Name="Settings">
				<Setting Name="checkbox_settings_facenpc">FALSE</Setting>
				<Setting Name="checkbox_settings_rangedattack">FALSE</Setting>
				<Setting Name="checkbox_settings_meleeattack">TRUE</Setting>
				<Setting Name="checkbox_settings_movemelee">FALSE</Setting>
				<Setting Name="checkbox_settings_movebehind">FALSE</Setting>
				<Setting Name="checkbox_settings_turnoffattack">TRUE</Setting>
				<Setting Name="checkbox_settings_ignoretargettoattackhealthcheck">TRUE</Setting>
				<Setting Name="checkbox_settings_acceptloot">TRUE</Setting>
				<Setting Name="checkbox_settings_movetoarea">TRUE</Setting>
				<Setting Name="checkbox_settings_acceptinvites">TRUE</Setting>
				<Setting Name="checkbox_settings_doho">FALSE</Setting>
				<Setting Name="checkbox_settings_res">TRUE</Setting>
				<Setting Name="checkbox_settings_acceptres">TRUE</Setting>
				<Setting Name="checkbox_settings_mobpriestinfo">FALSE</Setting>
				<Setting Name="checkbox_settings_assist">TRUE</Setting>
				<Setting Name="checkbox_settings_autofollow">TRUE</Setting>
				<Setting Name="checkbox_settings_enableannouncetab">TRUE</Setting>
				<Setting Name="checkbox_settings_enablealiases">TRUE</Setting>
				<Setting Name="checkbox_settings_raidoptions">TRUE</Setting>
				<Setting Name="checkbox_settings_grindoptions">TRUE</Setting>
				<Setting Name="checkbox_settings_acceptdungeonfinderisready">TRUE</Setting>
				<Setting Name="checkbox_settings_enableitemsinabilitylists">TRUE</Setting>
				<Setting Name="checkbox_settings_cancelinvisaftercombat">TRUE</Setting>
				<Setting Name="checkbox_settings_enablepetsindropdowns">TRUE</Setting>
				<Setting Name="checkbox_settings_encountersmartnukes">TRUE</Setting>
				<Setting Name="checkbox_settings_aesmartnukes">TRUE</Setting>
				<Setting Name="checkbox_settings_forcenamedcatab">FALSE</Setting>
				<Setting Name="checkbox_settings_disablecaststack_namedca">FALSE</Setting>
				<Setting Name="checkbox_settings_autoattacktiming">TRUE</Setting>
				<Setting Name="checkbox_settings_enableogremcp">FALSE</Setting>
				<Setting Name="checkbox_settings_waitforautoattack">FALSE</Setting>
				<Setting Name="checkbox_settings_autospend_deitypoints">TRUE</Setting>
				<Setting Name="checkbox_settings_autoshare_missions">FALSE</Setting>
				<Setting Name="checkbox_settings_autocomplete_ascensioncombos">FALSE</Setting>
				<Setting Name="checkbox_settings_handle_hq_earring">TRUE</Setting>
				<Setting Name="checkbox_settings_summon_familiar">TRUE</Setting>
				<Setting Name="checkbox_settings_autospend_skipstamina">TRUE</Setting>
				<Setting Name="checkbox_settings_autospend_skippotency">TRUE</Setting>
				<Setting Name="checkbox_settings_accept_zonein_confirmation">TRUE</Setting>
				<Setting Name="checkbox_settings_ignoremovetoattackhealthcheck">FALSE</Setting>
				<Setting Name="checkbox_settings_globally_mute_abilityrotation">TRUE</Setting>
				<Setting Name="checkbox_settings_moveinfront">FALSE</Setting>
				<Setting Name="checkbox_settings_no_overseer">FALSE</Setting>
				<Setting Name="checkbox_settings_acceptnochoicerewards">TRUE</Setting>
				<Setting Name="checkbox_settings_acceptraidreadychecks">TRUE</Setting>
				<Setting Name="checkbox_settings_disablecaststack_items">FALSE</Setting>
				<Setting Name="checkbox_settings_disable_dbc_claim">TRUE</Setting>
				<Setting Name="checkbox_settings_enable_itemrotate">TRUE</Setting>
				<Setting Name="checkbox_settings_enable_abilityrotate">TRUE</Setting>
				<Setting Name="checkbox_settings_consumeitems">FALSE</Setting>
				<Setting Name="checkbox_settings_castwhilemoving">TRUE</Setting>
				<Setting Name="checkbox_settings_enable_tag_embargo">TRUE</Setting>
				<Setting Name="checkbox_settings_enable_tag_allow">TRUE</Setting>
				<Setting Name="checkbox_settings_auto_use_temporary_mount_reduction">TRUE</Setting>
				<Setting Name="checkbox_settings_auto_use_temporary_research_reduction">TRUE</Setting>
				<Setting Name="checkbox_settings_auto_use_temporary_familiar_experience">TRUE</Setting>
			</Set>
			<Set Name="Setup">
				<Setting Name="textentry_setup_percenttoattack">99</Setting>
				<Setting Name="textentry_setup_moveintoattackrangehealthpercent">99</Setting>
				<Setting Name="textentry_setup_petpercenttoattack">99</Setting>
				<Setting Name="textentry_setup_powertousecas">1</Setting>
				<Setting Name="textentry_setup_healthtousecas">1</Setting>
				<Setting Name="textentry_setup_reswaittimer">5</Setting>
				<Setting Name="textentry_setup_pbaetargets">2</Setting>
				<Setting Name="textentry_setup_encountertargets">3</Setting>
				<Setting Name="textentry_setup_moveintomeleerangemaxdistance">100</Setting>
				<Setting Name="textentry_setup_autofollowmaxdistance">50</Setting>
				<Setting Name="combobox_setup_autofollowname">*Tank</Setting>
				<Setting Name="checkbox_setup_broadcasttellstouplink">TRUE</Setting>
				<Setting Name="checkbox_setup_broadcastguildtouplink">FALSE</Setting>
			</Set>
			<Set Name="SetupInvis">
				<Set Name="1">
					<Setting Name="__SourceName">Bump</Setting>
				</Set>
				<Set Name="2">
					<Setting Name="__SourceName">Shroud</Setting>
				</Set>
			</Set>
			<Set Name="CastStack">
				<Set Name="1">
					<Setting Name="#">2</Setting>
					<Setting Name="__SourceName">Elegy of Awakening</Setting>
					<Setting Name="Target">@Group</Setting>
					<Setting Name="Type">Res</Setting>
				</Set>
				<Set Name="2">
					<Setting Name="__SourceName">Elegy at Death's Door</Setting>
					<Setting Name="Target">@Tank</Setting>
					<Setting Name="Type">Res</Setting>
				</Set>
				<Set Name="3">
					<Setting Name="__SourceName">Elegy at Death's Door</Setting>
					<Setting Name="Target">@Healer2</Setting>
					<Setting Name="Type">Res</Setting>
				</Set>
				<Set Name="4">
					<Setting Name="__SourceName">Elegy at Death's Door</Setting>
					<Setting Name="Target">@Healer1</Setting>
					<Setting Name="Type">Res</Setting>
				</Set>
				<Set Name="5">
					<Setting Name="__SourceName">Elegy at Death's Door</Setting>
					<Setting Name="Target">@Group</Setting>
					<Setting Name="Type">Res</Setting>
				</Set>
				<Set Name="6">
					<Setting Name="__SourceName">Levinbolt</Setting>
					<Setting Name="ATag">VCBuilder</Setting>
					<Setting Name="AType">Listen Only</Setting>
					<Setting Name="Type">NamedCA</Setting>
				</Set>
				<Set Name="7">
					<Setting Name="__SourceName">Focused Blast</Setting>
					<Setting Name="ATag">VCBuilder</Setting>
					<Setting Name="AType">Listen Only</Setting>
					<Setting Name="Type">NamedCA</Setting>
				</Set>
				<Set Name="8">
					<Setting Name="__SourceName">Compounding Force</Setting>
					<Setting Name="ATag">VCBuilder</Setting>
					<Setting Name="AType">Listen Only</Setting>
					<Setting Name="Type">NamedCA</Setting>
				</Set>
				<Set Name="9">
					<Setting Name="__SourceName">Cascading Force</Setting>
					<Setting Name="ATag">VCBuilder</Setting>
					<Setting Name="AType">Listen Only</Setting>
					<Setting Name="Tag">LongCast</Setting>
					<Setting Name="Type">NamedCA</Setting>
				</Set>
				<Set Name="10">
					<Setting Name="__SourceName">Mana Schism</Setting>
					<Setting Name="ATag">VCBuilder</Setting>
					<Setting Name="AType">Listen Only</Setting>
					<Setting Name="Tag">LongCast</Setting>
					<Setting Name="Type">NamedCA</Setting>
				</Set>
				<Set Name="11">
					<Setting Name="__SourceName">Evade</Setting>
					<Setting Name="ATag">FastCast</Setting>
					<Setting Name="AType">Listen Only</Setting>
					<Setting Name="ID">TRUE</Setting>
					<Setting Name="Type">CA</Setting>
				</Set>
				<Set Name="12">
					<Setting Name="__SourceName">Dagger Storm</Setting>
					<Setting Name="ATag">FastCast</Setting>
					<Setting Name="AType">Listen Only</Setting>
					<Setting Name="IAE">TRUE</Setting>
					<Setting Name="Type">CA</Setting>
				</Set>
				<Set Name="13">
					<Setting Name="__SourceName">Evasive Maneuvers</Setting>
					<Setting Name="ATag">FastCast</Setting>
					<Setting Name="AType">Listen Only</Setting>
					<Setting Name="Type">CA</Setting>
				</Set>
				<Set Name="14">
					<Setting Name="__SourceName">Darksong Spin</Setting>
					<Setting Name="ATag">FastCast</Setting>
					<Setting Name="AType">Listen Only</Setting>
					<Setting Name="IAE">TRUE</Setting>
					<Setting Name="ID">TRUE</Setting>
					<Setting Name="Type">CA</Setting>
				</Set>
				<Set Name="15">
					<Setting Name="__SourceName">Echoing Howl</Setting>
					<Setting Name="ATag">FastCast</Setting>
					<Setting Name="AType">Listen Only</Setting>
					<Setting Name="IAE">TRUE</Setting>
					<Setting Name="Type">CA</Setting>
				</Set>
				<Set Name="16">
					<Setting Name="__SourceName">Cheap Shot</Setting>
					<Setting Name="ATag">FastCast</Setting>
					<Setting Name="AType">Listen Only</Setting>
					<Setting Name="Type">CA</Setting>
				</Set>
				<Set Name="17">
					<Setting Name="__SourceName">Turnstrike</Setting>
					<Setting Name="ATag">FastCast</Setting>
					<Setting Name="AType">Listen Only</Setting>
					<Setting Name="ID">TRUE</Setting>
					<Setting Name="Type">CA</Setting>
				</Set>
				<Set Name="18">
					<Setting Name="__SourceName">Rhythm Blade</Setting>
					<Setting Name="ATag">FastCast</Setting>
					<Setting Name="AType">Listen Only</Setting>
					<Setting Name="ID">TRUE</Setting>
					<Setting Name="Type">CA</Setting>
				</Set>
				<Set Name="19">
					<Setting Name="__SourceName">Thuri's Doleful Thrust</Setting>
					<Setting Name="ATag">FastCast</Setting>
					<Setting Name="AType">Listen Only</Setting>
					<Setting Name="Type">CA</Setting>
				</Set>
				<Set Name="20">
					<Setting Name="__SourceName">Round Bash</Setting>
					<Setting Name="ATag">FastCast</Setting>
					<Setting Name="AType">Listen Only</Setting>
					<Setting Name="Type">CA</Setting>
				</Set>
				<Set Name="21">
					<Setting Name="__SourceName">Tarven's Crippling Crescendo</Setting>
					<Setting Name="ATag">FastCast</Setting>
					<Setting Name="AType">Listen Only</Setting>
					<Setting Name="ID">TRUE</Setting>
					<Setting Name="Type">CA</Setting>
				</Set>
				<Set Name="22">
					<Setting Name="__SourceName">Strike of Consistency</Setting>
					<Setting Name="ATag">FastCast</Setting>
					<Setting Name="AType">Listen Only</Setting>
					<Setting Name="Type">CA</Setting>
				</Set>
				<Set Name="23">
					<Setting Name="__SourceName">Verlien's Keen of Despair</Setting>
					<Setting Name="ATag">FastCast</Setting>
					<Setting Name="AType">Listen Only</Setting>
					<Setting Name="ID">TRUE</Setting>
					<Setting Name="Type">CA</Setting>
				</Set>
				<Set Name="24">
					<Setting Name="__SourceName">Disheartening Descant</Setting>
					<Setting Name="ATag">FastCast</Setting>
					<Setting Name="AType">Listen Only</Setting>
					<Setting Name="ID">TRUE</Setting>
					<Setting Name="Type">CA</Setting>
				</Set>
				<Set Name="25">
					<Setting Name="#">2</Setting>
					<Setting Name="__SourceName">Elegy of Awakening</Setting>
					<Setting Name="Target">@Raid</Setting>
					<Setting Name="Type">Res</Setting>
				</Set>
				<Set Name="26">
					<Setting Name="__SourceName">Elegy at Death's Door</Setting>
					<Setting Name="Target">@Raid</Setting>
					<Setting Name="Type">Res</Setting>
				</Set>
				<Set Name="27">
					<Setting Name="__SourceName">Oration of Sacrifice</Setting>
					<Setting Name="Target">@Tank</Setting>
					<Setting Name="Type">Combat</Setting>
				</Set>
				<Set Name="28">
					<Setting Name="__SourceName">Magnetic Note</Setting>
					<Setting Name="Target">@Tank</Setting>
					<Setting Name="Type">Combat</Setting>
					<Setting Name="Named">TRUE</Setting>
				</Set>
				<Set Name="29">
					<Setting Name="%">100</Setting>
					<Setting Name="__SourceName">Exuberant Encore</Setting>
					<Setting Name="N_HP&lt;">99</Setting>
					<Setting Name="Named">TRUE</Setting>
					<Setting Name="Target">@Tank</Setting>
					<Setting Name="Type">PowerHeal</Setting>
				</Set>
				<Set Name="30">
					<Setting Name="__SourceName">Peal Of Battle</Setting>
					<Setting Name="N_HP&lt;">99</Setting>
					<Setting Name="Type">NamedCA</Setting>
				</Set>
				<Set Name="31">
					<Setting Name="__SourceName">Cacophony of Blades</Setting>
					<Setting Name="Type">CA</Setting>
				</Set>
				<Set Name="32">
					<Setting Name="__SourceName">Clara's Chaotic Cacophony</Setting>
					<Setting Name="IE">TRUE</Setting>
					<Setting Name="Type">CA</Setting>
				</Set>
				<Set Name="33">
					<Setting Name="__IsItem">TRUE</Setting>
					<Setting Name="__ItemName">Scepter of Shadows</Setting>
					<Setting Name="__SourceName">Item:Scepter of Shadows</Setting>
					<Setting Name="N_HP&lt;">99</Setting>
					<Setting Name="Type">NamedDebuff</Setting>
				</Set>
				<Set Name="34">
					<Setting Name="__SourceName">Zander's Choral Rebuff</Setting>
					<Setting Name="IE">TRUE</Setting>
					<Setting Name="Type">Debuff</Setting>
				</Set>
				<Set Name="35">
					<Setting Name="__SourceName">Daro's Sorrowful Dirge</Setting>
					<Setting Name="IE">TRUE</Setting>
					<Setting Name="Type">NamedDebuff</Setting>
				</Set>
				<Set Name="36">
					<Setting Name="__SourceName">Disheartening Descant</Setting>
					<Setting Name="IE">TRUE</Setting>
					<Setting Name="Type">NamedDebuff</Setting>
				</Set>
				<Set Name="37">
					<Setting Name="__SourceName">Verlien's Keen of Despair</Setting>
					<Setting Name="Type">Debuff</Setting>
				</Set>
				<Set Name="38">
					<Setting Name="__SourceName">Evasive Maneuvers</Setting>
					<Setting Name="Type">CA</Setting>
				</Set>
				<Set Name="39">
					<Setting Name="__SourceName">Deadly Dance</Setting>
					<Setting Name="Type">NamedCA</Setting>
				</Set>
				<Set Name="40">
					<Setting Name="__SourceName">Cadence of Destruction</Setting>
					<Setting Name="Type">NamedCA</Setting>
				</Set>
				<Set Name="41">
					<Setting Name="__SourceName">Clara's Chaotic Cacophony</Setting>
					<Setting Name="IE">TRUE</Setting>
					<Setting Name="Type">CA</Setting>
				</Set>
				<Set Name="42">
					<Setting Name="__SourceName">Zander's Choral Rebuff</Setting>
					<Setting Name="IE">TRUE</Setting>
					<Setting Name="Type">NamedCA</Setting>
				</Set>
				<Set Name="43">
					<Setting Name="__SourceName">Requiem</Setting>
					<Setting Name="N_HP&lt;">99</Setting>
					<Setting Name="Type">CA</Setting>
				</Set>
				<Set Name="44">
					<Setting Name="__SourceName">Exuberant Encore</Setting>
					<Setting Name="N_HP&lt;">99</Setting>
					<Setting Name="Target">@Tank</Setting>
					<Setting Name="Type">Combat</Setting>
				</Set>
				<Set Name="45">
					<Setting Name="__SourceName">Confront Fear</Setting>
					<Setting Name="ID">TRUE</Setting>
					<Setting Name="Target">@DPS1</Setting>
					<Setting Name="Type">Combat</Setting>
				</Set>
				<Set Name="46">
					<Setting Name="__SourceName">Rhythm Blade</Setting>
					<Setting Name="Type">CA</Setting>
				</Set>
				<Set Name="47">
					<Setting Name="__SourceName">Dagger Storm</Setting>
					<Setting Name="IAE">TRUE</Setting>
					<Setting Name="Type">CA</Setting>
				</Set>
				<Set Name="48">
					<Setting Name="__SourceName">Echoing Howl</Setting>
					<Setting Name="Type">CA</Setting>
				</Set>
				<Set Name="49">
					<Setting Name="__SourceName">Anthem of War</Setting>
					<Setting Name="N_HP&lt;">99</Setting>
					<Setting Name="Type">NamedCA</Setting>
				</Set>
				<Set Name="50">
					<Setting Name="__SourceName">Touch of Magic</Setting>
					<Setting Name="N_HP&lt;">99</Setting>
					<Setting Name="Type">NamedCA</Setting>
				</Set>
				<Set Name="51">
					<Setting Name="__SourceName">Rhythmic Overture</Setting>
					<Setting Name="ATag">VCBuilder</Setting>
					<Setting Name="AType">Trigger Only</Setting>
					<Setting Name="ETag">VCStarter</Setting>
					<Setting Name="EType">Listen Only</Setting>
					<Setting Name="Type">NamedCA</Setting>
				</Set>
				<Set Name="52">
					<Setting Name="__SourceName">Victorious Concerto</Setting>
					<Setting Name="ETag">VCStarter</Setting>
					<Setting Name="EType">Trigger Only</Setting>
					<Setting Name="Type">NamedCA</Setting>
				</Set>
				<Set Name="53">
					<Setting Name="__SourceName">Feedback Loop</Setting>
					<Setting Name="ATag">FastCast</Setting>
					<Setting Name="AType">Trigger Only</Setting>
					<Setting Name="N_HP&lt;">99</Setting>
					<Setting Name="Type">NamedCA</Setting>
				</Set>
				<Set Name="54">
					<Setting Name="__SourceName">Ethershadow Assassin</Setting>
					<Setting Name="N_HP&lt;">99</Setting>
					<Setting Name="Type">NamedCA</Setting>
				</Set>
				<Set Name="55">
					<Setting Name="__SourceName">Implosion</Setting>
					<Setting Name="Tag">LongCast</Setting>
					<Setting Name="Type">NamedCA</Setting>
				</Set>
				<Set Name="56">
					<Setting Name="__SourceName">Etherflash</Setting>
					<Setting Name="Tag">LongCast</Setting>
					<Setting Name="Type">NamedCA</Setting>
				</Set>
				<Set Name="57">
					<Setting Name="__SourceName">Bump</Setting>
					<Setting Name="ID">TRUE</Setting>
					<Setting Name="Type">CA</Setting>
				</Set>
				<Set Name="58">
					<Setting Name="__SourceName">Darksong Spin</Setting>
					<Setting Name="IAE">TRUE</Setting>
					<Setting Name="ID">TRUE</Setting>
					<Setting Name="Type">CA</Setting>
				</Set>
				<Set Name="59">
					<Setting Name="__SourceName">Evade</Setting>
					<Setting Name="Type">CA</Setting>
				</Set>
				<Set Name="60">
					<Setting Name="__SourceName">Scream of Death</Setting>
					<Setting Name="Type">CA</Setting>
				</Set>
				<Set Name="61">
					<Setting Name="__SourceName">Misfortune's Kiss</Setting>
					<Setting Name="ID">TRUE</Setting>
					<Setting Name="Type">CA</Setting>
				</Set>
				<Set Name="62">
					<Setting Name="__SourceName">Jael's Dreadful Deprivation</Setting>
					<Setting Name="Type">CA</Setting>
				</Set>
				<Set Name="63">
					<Setting Name="__SourceName">Luda's Nefarious Wail</Setting>
					<Setting Name="Type">CA</Setting>
				</Set>
				<Set Name="64">
					<Setting Name="__SourceName">Daro's Dull Blade</Setting>
					<Setting Name="ID">TRUE</Setting>
					<Setting Name="Type">CA</Setting>
				</Set>
				<Set Name="65">
					<Setting Name="__SourceName">Jarol's Sorrowful Requiem</Setting>
					<Setting Name="Type">CA</Setting>
				</Set>
				<Set Name="66">
					<Setting Name="__SourceName">Wail of the Banshee</Setting>
					<Setting Name="IE">TRUE</Setting>
					<Setting Name="Type">CA</Setting>
				</Set>
				<Set Name="67">
					<Setting Name="__SourceName">Hymn of Horror</Setting>
					<Setting Name="Type">CA</Setting>
				</Set>
				<Set Name="68">
					<Setting Name="__SourceName">Lanet's Excruciating Scream</Setting>
					<Setting Name="Type">CA</Setting>
				</Set>
				<Set Name="69">
					<Setting Name="__SourceName">Howl of Death</Setting>
					<Setting Name="Type">CA</Setting>
				</Set>
				<Set Name="70">
					<Setting Name="__SourceName">Thuri's Doleful Thrust</Setting>
					<Setting Name="Type">CA</Setting>
				</Set>
				<Set Name="71">
					<Setting Name="__SourceName">Tarven's Crippling Crescendo</Setting>
					<Setting Name="ID">TRUE</Setting>
					<Setting Name="Type">CA</Setting>
				</Set>
				<Set Name="72">
					<Setting Name="__SourceName">Messenger's Letter</Setting>
					<Setting Name="Type">CA</Setting>
				</Set>
				<Set Name="73">
					<Setting Name="__SourceName">Anthem of Battle</Setting>
					<Setting Name="Type">Buff</Setting>
				</Set>
				<Set Name="74">
					<Setting Name="__SourceName">Battle Cry</Setting>
					<Setting Name="Target">Emanuel</Setting>
					<Setting Name="Type">Buff</Setting>
				</Set>
				<Set Name="75">
					<Setting Name="__SourceName">Death's Door</Setting>
					<Setting Name="Type">Buff</Setting>
				</Set>
				<Set Name="76">
					<Setting Name="__SourceName">Dirges Refrain</Setting>
					<Setting Name="Type">Buff</Setting>
				</Set>
				<Set Name="77">
					<Setting Name="__SourceName">Guild Buff</Setting>
					<Setting Name="Type">NonCombatBuff</Setting>
				</Set>
				<Set Name="78">
					<Setting Name="__SourceName">Dozekar's Resilience</Setting>
					<Setting Name="Type">Buff</Setting>
				</Set>
				<Set Name="79">
					<Setting Name="__SourceName">Persistence</Setting>
					<Setting Name="Type">Buff</Setting>
				</Set>
				<Set Name="80">
					<Setting Name="__SourceName">Songspinner's Note</Setting>
					<Setting Name="Type">CA</Setting>
				</Set>
				<Set Name="81">
					<Setting Name="__SourceName">Luck of the Dirge</Setting>
					<Setting Name="Type">Buff</Setting>
				</Set>
				<Set Name="82">
					<Setting Name="__SourceName">Selo's Accelerando</Setting>
					<Setting Name="Type">Buff</Setting>
				</Set>
				<Set Name="83">
					<Setting Name="__SourceName">Harl's Rousing Tune</Setting>
					<Setting Name="Type">Buff</Setting>
				</Set>
				<Set Name="84">
					<Setting Name="__SourceName">Allegro</Setting>
					<Setting Name="Type">Buff</Setting>
				</Set>
				<Set Name="85">
					<Setting Name="__SourceName">Don't Kill the Messenger</Setting>
					<Setting Name="Type">Buff</Setting>
				</Set>
				<Set Name="86">
					<Setting Name="__SourceName">Fortissimo</Setting>
					<Setting Name="Type">Buff</Setting>
				</Set>
				<Set Name="87">
					<Setting Name="__SourceName">Dead Calm</Setting>
					<Setting Name="Type">Buff</Setting>
				</Set>
				<Set Name="88">
					<Setting Name="__SourceName">Songster's Luck</Setting>
					<Setting Name="Type">Buff</Setting>
				</Set>
				<Set Name="89">
					<Setting Name="__SourceName">Etherlord</Setting>
					<Setting Name="Type">Buff</Setting>
				</Set>
				<Set Name="90">
					<Setting Name="__SourceName">Eulogy of the Fallen</Setting>
					<Setting Name="Type">Buff</Setting>
				</Set>
				<Set Name="91">
					<Setting Name="__SourceName">Devoted Shadeweaver Sidekick</Setting>
					<Setting Name="Type">Buff</Setting>
				</Set>
				<Set Name="92">
					<Setting Name="__SourceName">Dexterous Sonata</Setting>
					<Setting Name="Type">Buff</Setting>
				</Set>
				<Set Name="93">
					<Setting Name="__SourceName">March of Blades</Setting>
					<Setting Name="Type">Buff</Setting>
				</Set>
				<Set Name="94">
					<Setting Name="__SourceName">Hyran's Seething Sonata</Setting>
					<Setting Name="Target">@Tank</Setting>
					<Setting Name="Type">Buff</Setting>
				</Set>
				<Set Name="95">
					<Setting Name="__SourceName">Riana's Relentless Tune</Setting>
					<Setting Name="Type">Buff</Setting>
				</Set>
				<Set Name="96">
					<Setting Name="__Disabled">TRUE</Setting>
					<Setting Name="__SourceName">Jael's Mysterious Mettle</Setting>
					<Setting Name="Type">Buff</Setting>
				</Set>
				<Set Name="97">
					<Setting Name="__SourceName">Bria's Inspiring Ballad</Setting>
					<Setting Name="Type">Buff</Setting>
				</Set>
			</Set>
			<Set Name="AbilityRotation">
				<Set Name="1">
					<Setting Name="__SourceName">Tag_LongCast</Setting>
					<Setting Name="Me">TRUE</Setting>
				</Set>
			</Set>
			<Set Name="ItemRotation">
				<Set Name="1">
					<Setting Name="__IsItem">TRUE</Setting>
					<Setting Name="__ItemName">Scepter of Shadows</Setting>
					<Setting Name="__SourceName">Item:Scepter of Shadows</Setting>
					<Setting Name="Dur">25</Setting>
					<Setting Name="I">TRUE</Setting>
					<Setting Name="IRC">TRUE</Setting>
				</Set>
			</Set>
			<Set Name="Assist">
				<Set Name="1">
					<Setting Name="__SourceName">*Tank</Setting>
				</Set>
				<Set Name="2">
					<Setting Name="__SourceName">Heresy</Setting>
				</Set>
			</Set>
			<Set Name="Precast">
				<Set Name="1">
					<Setting Name="__SourceName">Ethereal Conduit</Setting>
					<Setting Name="On">Rhythmic Overture</Setting>
				</Set>
			</Set>
			<Set Name="Postcast">
				<Set Name="1">
					<Setting Name="__SourceName">Compounding Force</Setting>
					<Setting Name="After">Rhythmic Overture</Setting>
				</Set>
				<Set Name="2">
					<Setting Name="__SourceName">Levinbolt</Setting>
					<Setting Name="After">Compounding Force</Setting>
				</Set>
				<Set Name="3">
					<Setting Name="__SourceName">Focused Blast</Setting>
					<Setting Name="After">Levinbolt</Setting>
				</Set>
			</Set>
			<Set Name="Loot">
				<Setting Name="checkbox_loot_ffaaccept">TRUE</Setting>
				<Setting Name="checkbox_loot_lottodecline">TRUE</Setting>
				<Setting Name="checkbox_loot_nbgdecline">TRUE</Setting>
				<Setting Name="checkbox_loot_confirmnotrade">TRUE</Setting>
				<Setting Name="checkbox_loot_unpackwarrunes">TRUE</Setting>
				<Setting Name="checkbox_loot_unpackdraconicphylactery">TRUE</Setting>
				<Setting Name="checkbox_loot_lo_enable">TRUE</Setting>
				<Setting Name="checkbox_loot_unpackstatusbag">FALSE</Setting>
			</Set>
			<Set Name="OSA">
				<Setting Name="slider_osa_radius">149</Setting>
				<Setting Name="textentry_osa_radius">149</Setting>
				<Setting Name="checkbox_osa_targetsonly">TRUE</Setting>
			</Set>
			<Set Name="Announce">
				<Set Name="1">
					<Setting Name="__SourceName">Bladedance</Setting>
					<Setting Name="Target">Group</Setting>
					<Setting Name="Txt">Casting Bladedance</Setting>
				</Set>
				<Set Name="2">
					<Setting Name="__Disabled">TRUE</Setting>
					<Setting Name="__SourceName">Bladedance</Setting>
					<Setting Name="Target">Raid</Setting>
					<Setting Name="Txt">Casting Bladedance</Setting>
				</Set>
				<Set Name="3">
					<Setting Name="__SourceName">Cacophony of Blades</Setting>
					<Setting Name="Target">Group</Setting>
					<Setting Name="Txt">+ Cacophony of Blades</Setting>
				</Set>
				<Set Name="4">
					<Setting Name="__Disabled">TRUE</Setting>
					<Setting Name="__SourceName">Cacophony of Blades</Setting>
					<Setting Name="Target">Raid</Setting>
					<Setting Name="Txt">COB is up!</Setting>
				</Set>
				<Set Name="5">
					<Setting Name="__SourceName">Confront Fear</Setting>
					<Setting Name="Target">Group</Setting>
					<Setting Name="Txt">Confront Fear on *Target*</Setting>
				</Set>
				<Set Name="6">
					<Setting Name="__Disabled">TRUE</Setting>
					<Setting Name="__SourceName">Confront Fear</Setting>
					<Setting Name="Target">Raid</Setting>
					<Setting Name="Txt">Casting confront fear on *Target*</Setting>
				</Set>
				<Set Name="7">
					<Setting Name="__Disabled">TRUE</Setting>
					<Setting Name="__SourceName">Deadly Dance</Setting>
					<Setting Name="Target">Group</Setting>
					<Setting Name="Txt">+ Deadly Dance</Setting>
				</Set>
				<Set Name="8">
					<Setting Name="__SourceName">Elegy at Death's Door</Setting>
					<Setting Name="Target">Group</Setting>
					<Setting Name="Txt">Rez on *Target*</Setting>
				</Set>
				<Set Name="9">
					<Setting Name="__Disabled">TRUE</Setting>
					<Setting Name="__SourceName">Elegy at Death's Door</Setting>
					<Setting Name="Target">Raid</Setting>
					<Setting Name="Txt">Rez on *Target*</Setting>
				</Set>
				<Set Name="10">
					<Setting Name="__SourceName">Elegy of Awakening</Setting>
					<Setting Name="Target">Group</Setting>
					<Setting Name="Txt">Group Rez on *Target*</Setting>
				</Set>
				<Set Name="11">
					<Setting Name="__Disabled">TRUE</Setting>
					<Setting Name="__SourceName">Elegy of Awakening</Setting>
					<Setting Name="Target">Raid</Setting>
					<Setting Name="Txt">Group Rez on *Target*</Setting>
				</Set>
				<Set Name="12">
					<Setting Name="__Disabled">TRUE</Setting>
					<Setting Name="__SourceName">Oration of Sacrifice</Setting>
					<Setting Name="Target">Group</Setting>
					<Setting Name="Txt">+ Oration of Sacrifice on *Target*</Setting>
				</Set>
				<Set Name="13">
					<Setting Name="__Disabled">TRUE</Setting>
					<Setting Name="__SourceName">Oration of Sacrifice</Setting>
					<Setting Name="Target">Raid</Setting>
					<Setting Name="Txt">+ Oration of Sacrifice on *Target*</Setting>
				</Set>
				<Set Name="14">
					<Setting Name="__Disabled">TRUE</Setting>
					<Setting Name="__SourceName">Rhythmic Overture</Setting>
					<Setting Name="Target">Group</Setting>
					<Setting Name="Txt">+ Rhythmic Overture</Setting>
				</Set>
				<Set Name="15">
					<Setting Name="__Disabled">TRUE</Setting>
					<Setting Name="__SourceName">Sonic Barrier</Setting>
					<Setting Name="Target">Group</Setting>
					<Setting Name="Txt">+ Sonic Barrier on *Target*</Setting>
				</Set>
				<Set Name="16">
					<Setting Name="__Disabled">TRUE</Setting>
					<Setting Name="__SourceName">Sonic Barrier</Setting>
					<Setting Name="Target">Raid</Setting>
					<Setting Name="Txt">+ Sonic Barrier on *Target*</Setting>
				</Set>
				<Set Name="17">
					<Setting Name="__Disabled">TRUE</Setting>
					<Setting Name="__SourceName">Veil of Notes</Setting>
					<Setting Name="Target">Group</Setting>
					<Setting Name="Txt">+ Veil of Notes</Setting>
				</Set>
				<Set Name="18">
					<Setting Name="__SourceName">Victorious Concerto</Setting>
					<Setting Name="Target">Group</Setting>
					<Setting Name="Txt">Victorious Concerto - Go Pew Pew!</Setting>
				</Set>
				<Set Name="19">
					<Setting Name="__SourceName">Victorious Concerto</Setting>
					<Setting Name="Target">Execute In Console</Setting>
					<Setting Name="Txt">!c -AbilityTag all FastCast 11 Allow -g Binere</Setting>
				</Set>
				<Set Name="20">
					<Setting Name="__SourceName">Quick Tempo</Setting>
					<Setting Name="Target">Group</Setting>
					<Setting Name="Txt">Run Speed, GO GO !</Setting>
				</Set>
				<Set Name="21">
					<Setting Name="__SourceName">Recapture</Setting>
					<Setting Name="Target">Group</Setting>
					<Setting Name="Txt">*Ability* on *Target*</Setting>
				</Set>
			</Set>
			<Set Name="Other">
				<Setting Name="checkbox_other_requestconfrontfearviauplink">TRUE</Setting>
			</Set>
			<Set Name="Dirge">
				<Setting Name="textentry_dirge_cobrotationtext">COB is up!</Setting>
				<Setting Name="checkbox_dirge_confrontfear">TRUE</Setting>
				<Setting Name="textentry_dirge_confrontfeartext">CF</Setting>
				<Setting Name="textentry_dirge_confrontfearcastedtext">Casting confront fear on</Setting>
			</Set>
			<Set Name="Debug">
				<Setting Name="checkbox_debug_casting">FALSE</Setting>
				<Setting Name="checkbox_debug_castingdetails">FALSE</Setting>
				<Setting Name="checkbox_debug_whatisthebotdoing">FALSE</Setting>
				<Setting Name="checkbox_debug_announce">FALSE</Setting>
			</Set>
			<Set Name="AutoTarget">
				<Setting Name="slider_autotarget_scanradius">40</Setting>
				<Setting Name="checkbox_autotarget_enabled">FALSE</Setting>
				<Setting Name="slider_autotarget_rescantime">236</Setting>
				<Setting Name="slider_autotarget_scanheight">5</Setting>
			</Set>
			<Set Name="Load">
				<Setting Name="checkbox_load_ogreircuplink">FALSE</Setting>
				<Setting Name="checkbox_load_radaroff">TRUE</Setting>
				<Setting Name="checkbox_load_ogreirc">TRUE</Setting>
			</Set>
			<Set Name="LoadExecute">
				<Set Name="1">
					<Setting Name="__SourceName">eq2execute ics_playercombatautoface 0</Setting>
				</Set>
				<Set Name="2">
					<Setting Name="__SourceName">run g600</Setting>
				</Set>
			</Set>
			<Set Name="EquipmentInfo">
				<Setting Name="combobox_equipmentinfo_charmoption1">Item:Sigil of the War Prince</Setting>
				<Setting Name="combobox_equipmentinfo_charmoption2">Item:The Polliwog Eye</Setting>
			</Set>
			<Set Name="HUDs">
				<Setting Name="checkbox_hud_group">FALSE</Setting>
				<Setting Name="checkbox_hud_raid">FALSE</Setting>
				<Setting Name="textentry_hud_raid_ypos">600</Setting>
				<Setting Name="checkbox_hud_npc">TRUE</Setting>
				<Setting Name="textentry_hud_npc_xpos">1385</Setting>
				<Setting Name="textentry_hud_npc_ypos">180</Setting>
			</Set>
			<Set Name="OgreConsole">
				<Setting Name="checkbox_ogreconsole_hideonload">TRUE</Setting>
				<Setting Name="textentry_ogreconsole_x">597</Setting>
				<Setting Name="textentry_ogreconsole_y">876</Setting>
				<Setting Name="textentry_ogreconsole_width">632</Setting>
				<Setting Name="textentry_ogreconsole_height">177</Setting>
				<Setting Name="checkbox_ogreconsole_showonload">FALSE</Setting>
				<Setting Name="checkbox_ogreconsole_neverautoopen">TRUE</Setting>
			</Set>
			<Set Name="AscensionEmbargoList">
				<Set Name="1">
					<Setting Name="__SourceName">Ethershadow Assassin</Setting>
				</Set>
			</Set>
			<Set Name="Items">
				<Set Name="1">
					<Setting Name="__SourceName">Juju Hopling</Setting>
				</Set>
				<Set Name="2">
					<Setting Name="__SourceName">Reliable Gnomish Pacemaker</Setting>
				</Set>
				<Set Name="3">
					<Setting Name="__SourceName">Sanctum Snacks</Setting>
				</Set>
				<Set Name="4">
					<Setting Name="__SourceName">Scepter of Shadows</Setting>
				</Set>
				<Set Name="5">
					<Setting Name="__SourceName">Shar Vahl Sweetart</Setting>
				</Set>
				<Set Name="6">
					<Setting Name="__SourceName">Voidpiercer's Elixir of Intellect</Setting>
				</Set>
			</Set>
			<Set Name="AbilityResearch">
				<Set Name="1">
					<Setting Name="__SourceName">Dirges Refrain</Setting>
					<Setting Name="Ancient">TRUE</Setting>
				</Set>
				<Set Name="2">
					<Setting Name="__SourceName">Scream of Death VI</Setting>
					<Setting Name="Ancient">TRUE</Setting>
				</Set>
				<Set Name="3">
					<Setting Name="__SourceName">Etherflash</Setting>
					<Setting Name="Ancient">TRUE</Setting>
				</Set>
				<Set Name="4">
					<Setting Name="__SourceName">Implosion</Setting>
					<Setting Name="Ancient">TRUE</Setting>
				</Set>
				<Set Name="5">
					<Setting Name="__SourceName">Darksong Blade X</Setting>
					<Setting Name="Ancient">TRUE</Setting>
				</Set>
				<Set Name="6">
					<Setting Name="__SourceName">Oration of Sacrifice VI</Setting>
					<Setting Name="Master">TRUE</Setting>
				</Set>
				<Set Name="7">
					<Setting Name="__SourceName">Oration of Sacrifice VI</Setting>
					<Setting Name="Grandmaster">TRUE</Setting>
				</Set>
				<Set Name="8">
					<Setting Name="__SourceName">Oration of Sacrifice VI</Setting>
					<Setting Name="Ancient">TRUE</Setting>
				</Set>
				<Set Name="9">
					<Setting Name="__SourceName">Selo's Accelerando VII</Setting>
					<Setting Name="Grandmaster">TRUE</Setting>
				</Set>
				<Set Name="10">
					<Setting Name="__SourceName">Selo's Accelerando VII</Setting>
					<Setting Name="Ancient">TRUE</Setting>
				</Set>
				<Set Name="11">
					<Setting Name="__SourceName">Wail of the Banshee VII</Setting>
					<Setting Name="Master">TRUE</Setting>
				</Set>
				<Set Name="12">
					<Setting Name="__SourceName">Wail of the Banshee VII</Setting>
					<Setting Name="Grandmaster">TRUE</Setting>
				</Set>
				<Set Name="13">
					<Setting Name="__SourceName">Wail of the Banshee VII</Setting>
					<Setting Name="Ancient">TRUE</Setting>
				</Set>
				<Set Name="14">
					<Setting Name="__SourceName">Hyran's Seething Sonata IV</Setting>
					<Setting Name="Master">TRUE</Setting>
				</Set>
				<Set Name="15">
					<Setting Name="__SourceName">Hyran's Seething Sonata IV</Setting>
					<Setting Name="Grandmaster">TRUE</Setting>
				</Set>
				<Set Name="16">
					<Setting Name="__SourceName">Hyran's Seething Sonata IV</Setting>
					<Setting Name="Ancient">TRUE</Setting>
				</Set>
				<Set Name="17">
					<Setting Name="__SourceName">Howl of Death IX</Setting>
					<Setting Name="Master">TRUE</Setting>
				</Set>
				<Set Name="18">
					<Setting Name="__SourceName">Howl of Death IX</Setting>
					<Setting Name="Grandmaster">TRUE</Setting>
				</Set>
				<Set Name="19">
					<Setting Name="__SourceName">Howl of Death IX</Setting>
					<Setting Name="Ancient">TRUE</Setting>
				</Set>
				<Set Name="20">
					<Setting Name="__SourceName">Luda's Nefarious Wail XI</Setting>
					<Setting Name="Master">TRUE</Setting>
				</Set>
				<Set Name="21">
					<Setting Name="__SourceName">Luda's Nefarious Wail XI</Setting>
					<Setting Name="Grandmaster">TRUE</Setting>
				</Set>
				<Set Name="22">
					<Setting Name="__SourceName">Luda's Nefarious Wail XI</Setting>
					<Setting Name="Ancient">TRUE</Setting>
				</Set>
				<Set Name="23">
					<Setting Name="__SourceName">Essence of Magic</Setting>
					<Setting Name="Master">TRUE</Setting>
				</Set>
				<Set Name="24">
					<Setting Name="__SourceName">Essence of Magic</Setting>
					<Setting Name="Grandmaster">TRUE</Setting>
				</Set>
				<Set Name="25">
					<Setting Name="__SourceName">Essence of Magic</Setting>
					<Setting Name="Ancient">TRUE</Setting>
				</Set>
				<Set Name="26">
					<Setting Name="__SourceName">Clara's Chaotic Cacophony IX</Setting>
					<Setting Name="Master">TRUE</Setting>
				</Set>
				<Set Name="27">
					<Setting Name="__SourceName">Clara's Chaotic Cacophony IX</Setting>
					<Setting Name="Grandmaster">TRUE</Setting>
				</Set>
				<Set Name="28">
					<Setting Name="__SourceName">Clara's Chaotic Cacophony IX</Setting>
					<Setting Name="Ancient">TRUE</Setting>
				</Set>
				<Set Name="29">
					<Setting Name="__SourceName">Misfortune's Kiss XI</Setting>
					<Setting Name="Master">TRUE</Setting>
				</Set>
				<Set Name="30">
					<Setting Name="__SourceName">Misfortune's Kiss XI</Setting>
					<Setting Name="Grandmaster">TRUE</Setting>
				</Set>
				<Set Name="31">
					<Setting Name="__SourceName">Misfortune's Kiss XI</Setting>
					<Setting Name="Ancient">TRUE</Setting>
				</Set>
				<Set Name="32">
					<Setting Name="__SourceName">Lanet's Excruciating Scream IX</Setting>
					<Setting Name="Master">TRUE</Setting>
				</Set>
				<Set Name="33">
					<Setting Name="__SourceName">Lanet's Excruciating Scream IX</Setting>
					<Setting Name="Grandmaster">TRUE</Setting>
				</Set>
				<Set Name="34">
					<Setting Name="__SourceName">Lanet's Excruciating Scream IX</Setting>
					<Setting Name="Ancient">TRUE</Setting>
				</Set>
				<Set Name="35">
					<Setting Name="__SourceName">Jarol's Sorrowful Requiem IX</Setting>
					<Setting Name="Master">TRUE</Setting>
				</Set>
				<Set Name="36">
					<Setting Name="__SourceName">Jarol's Sorrowful Requiem IX</Setting>
					<Setting Name="Grandmaster">TRUE</Setting>
				</Set>
				<Set Name="37">
					<Setting Name="__SourceName">Jarol's Sorrowful Requiem IX</Setting>
					<Setting Name="Ancient">TRUE</Setting>
				</Set>
			</Set>
			<Set Name="AbilityResearchSettings">
				<Setting Name="checkbox_abilityresearch_sort_name">TRUE</Setting>
			</Set>
			<Set Name="Overseer">
				<Setting Name="checkbox_overseer_skip_treasured_quests">TRUE</Setting>
				<Setting Name="checkbox_overseer_skip_mishap">TRUE</Setting>
			</Set>
			<Set Name="ConsumeItems">
				<Set Name="1">
					<Setting Name="__IsItem">TRUE</Setting>
					<Setting Name="__ItemName">Voidpiercer's Elixir of Intellect</Setting>
					<Setting Name="__SourceName">Item:Voidpiercer's Elixir of Intellect</Setting>
					<Setting Name="IC">TRUE</Setting>
				</Set>
				<Set Name="2">
					<Setting Name="__IsItem">TRUE</Setting>
					<Setting Name="__ItemName">Shar Vahl Sweetart</Setting>
					<Setting Name="__SourceName">Item:Shar Vahl Sweetart</Setting>
					<Setting Name="IC">TRUE</Setting>
				</Set>
				<Set Name="3">
					<Setting Name="__IsItem">TRUE</Setting>
					<Setting Name="__ItemName">Sanctum Snacks</Setting>
					<Setting Name="__SourceName">Item:Sanctum Snacks</Setting>
					<Setting Name="IC">TRUE</Setting>
				</Set>
				<Set Name="4">
					<Setting Name="__IsItem">TRUE</Setting>
					<Setting Name="__ItemName">Juju Hopling</Setting>
					<Setting Name="__SourceName">Item:Juju Hopling</Setting>
					<Setting Name="IC">TRUE</Setting>
				</Set>
			</Set>
			<Set Name="Tags_AddNew">
				<Set Name="1">
					<Setting Name="__SourceName">VCBuilder</Setting>
				</Set>
				<Set Name="2">
					<Setting Name="__SourceName">VCStarter</Setting>
				</Set>
				<Set Name="3">
					<Setting Name="__SourceName">FastCast</Setting>
				</Set>
			</Set>
			<Set Name="Tags">
				<Set Name="1">
					<Setting Name="__SourceName">VCBuilder</Setting>
					<Setting Name="H">TRUE</Setting>
					<Setting Name="Me">TRUE</Setting>
				</Set>
				<Set Name="2">
					<Setting Name="__SourceName">VCStarter</Setting>
					<Setting Name="Dur">150</Setting>
					<Setting Name="H">TRUE</Setting>
					<Setting Name="Me">TRUE</Setting>
				</Set>
				<Set Name="3">
					<Setting Name="__SourceName">FastCast</Setting>
					<Setting Name="H">TRUE</Setting>
					<Setting Name="Me">TRUE</Setting>
				</Set>
			</Set>
		</Set>
	</Set>
</InnerSpaceSettings>
